"WHM Name","WH Name","WH ID","Address","District","State","Capacity(in MT)","Registration Date","Registration Valid Upto","Contact No.","Status","Remarks"
"Aarti Agrawal","Aarya Warehouse","6915300","Survey No : 85/1, 86, patwari Halka No 105, Gram : Pillu Khedi,, Badnagar Road, Tehsil : Narsinghgarh, Distt. : Rajgarh, M P","Rajgarh","MADHYA PRADESH","4005","18-Apr-2024","17-Jan-2029","9340991496","Active",""
"AASHI JAIN","SWASTIK WAREHOUSING CORPORATION","6967509","W/o MAYANK JAIN,KHASRA NO.800/2/1, GRAM BAGRODA TAHSIL SIRONJ","Vidisha","MADHYA PRADESH","3984","14-Aug-2024","13-Aug-2029","9826209810","Active",""
"Aayush Dixit","Agro Chem Research & Seed Processors","7611658","Village : Bhadoni,, Tehsil : Shajapur,","Shajapur","MADHYA PRADESH","4951","19-Mar-2020","18-Mar-2025","7869313811","Active",""
"ABHA SINGH","SUPRABH AGRO WAREHOUSE","6922504","NH-39 PANNAKHA JURAHO MARGKHASRA NO 264/1/2 KARHI LAMI RAMPURBAGHELAN,","Satna","MADHYA PRADESH","5749","26-Apr-2024","25-Jul-2028","7241151111","Active",""
"Abhayraj Jodhawat","OM AGRO WAREHOUSE","6793715","VILLAGE- KHATHAUTIYA, TEHSIL-SOHAGPUR","Shahdol","MADHYA PRADESH","6921","19-Oct-2023","18-Oct-2028","9425182228","Inactive","EXPIRED INSURANCE"
"Abhilasha Mishra","AYUSH AGRO WAREHOUSE","6870398","KHASRA NO. 1985/1, PHNO. 71","Jabalpur","MADHYA PRADESH","3257","22-Feb-2024","21-Feb-2029","7389600424","Active",""
"Abhishek Agro Park","Abhishek Agro Park","9611668","NH 69,","Hoshangabad","MADHYA PRADESH","9161","07-Dec-2020","06-Dec-2025","9424435952","Active",""
"Ajay Agro Warehouse","Ajay Agro Warehouse","6776439","Village: Nemawar,","Dewas","MADHYA PRADESH","5000","29-Aug-2023","28-Aug-2028","9074255590","Active",""
"Akhil Agrawal","Agrawal Warehousing Corporation","6844385","Godown no 03 ( Kh no 196/7,196/4, 196/6 ),","Hoshangabad","MADHYA PRADESH","5000","25-Jan-2024","24-Jul-2028","9009490505","Active",""
"AKSHITA AGRO WARE HOUSE","Akshita Agro Warehouse","6776702","Village : Bordad Ryt,,","East Nimar","MADHYA PRADESH","5000","29-Aug-2023","28-Aug-2028","9074255590","Active",""
"Alka Agrawal","Balaji Agro Complex","6857973","NH 69, Hoshangabad Itarsi Road, Raisulpur, Itarsi","Hoshangabad","MADHYA PRADESH","31000","14-Feb-2024","13-Nov-2028","7999539407","Active",""
"Alka Agrawal","Shyam shree warehouse","6916563","SH-14 gram badagaon, teh rithi","Katni","MADHYA PRADESH","5000","21-Apr-2024","20-Oct-2028","7879501351","Active",""
"AMBIKA BAI","M/s Ramji Ram Warehouse & Green Agro Park","6941678","Khasra 117/1,","Sehore","MADHYA PRADESH","5000","12-Jun-2024","11-Jun-2029","9098919969","Active",""
"anand agrawal","BALAJI AGRO SERVICE WAREHOUSE","6971378","NEAR WATER TANK RATAMATI, GHORADONGRI","Betul","MADHYA PRADESH","3510","27-Aug-2024","26-Aug-2029","9425002980","Active",""
"ANEES KHAN","SATPURA AGRO WAREHOUSE","6935738","MOHGAON, DHANORA","Seoni","MADHYA PRADESH","3800","30-May-2024","29-May-2029","9827540953","Active",""
"Anil Agrawal","R.K. WAREHOUSE","6840870","VILLAGE-BASARI TEHSIL- RAJNAGAR,","Chhatarpur","MADHYA PRADESH","4208","18-Jan-2024","17-Jan-2029","9399630823","Active",""
"Anil Deriya","Deriya Warehouse","6940688","Bagra Road,","Hoshangabad","MADHYA PRADESH","3000","10-Jun-2024","09-Jun-2029","7999279067","Active",""
"Anil Deriya","Deriya Warehousing and Logistics","6870570","Bagra Road,","Hoshangabad","MADHYA PRADESH","3158","24-Feb-2024","23-Feb-2029","7566563980","Active",""
"Anita Chouhan","Maa Narmada Agro Infrastructure","6715239","Village : Machhwai,, Tensil: Budni,","Sehore","MADHYA PRADESH","5076","03-May-2023","02-May-2028","9993222444","Active",""
"Anita Goyal","MS Warehouse And Agro Service","6916118","Vill Baijagwada Teh Satwas,","Dewas","MADHYA PRADESH","4515","20-Apr-2024","19-Apr-2029","9926761969","Active",""
"Anita Jain","VARDHMAN AGRO WAREHOUSE","6805865","VILLAGE- SHUKLAPURI ,MUNGAOLI ROAD TEH. PIPARI, DISST. ASHOKNAGAR","Ashoknagar","MADHYA PRADESH","4497","21-Nov-2023","20-May-2028","8319008429","Active",""
"Anita Pandey","Kamla Agro Warehouse","6937627","Khasra No. 77/2, PH No. 05,","Sehore","MADHYA PRADESH","5000","03-Jun-2024","02-Jun-2029","9907491111","Active",""
"ANITA VYASH","KASTURI AGROTECH WAREHOUSE","6940506","KH NO 96/1/1/2 VILL- JAMUNIYA, TEHSIL- BADI","Raisen","MADHYA PRADESH","5800","10-Jun-2024","09-Jun-2029","9753393132","Active",""
"Anjali Mangal","Brahm Balaji Agro Infrastructure","6563225","Devari Saharana Road,","Morena","MADHYA PRADESH","4806","22-Mar-2022","21-Mar-2027","9893718977","Active",""
"Anjali Patel","Patel Agro Infrastructure","6726939","Village : Gadariya,,","Hoshangabad","MADHYA PRADESH","5008","01-Jun-2023","31-May-2028","9926670019","Active",""
"ANJNA AGRAWAL","AMRIT AGRO WAREHOUSE","6819908","MAHOBA ROAD , HAMA, CHHATARPUR M.P.,","Chhatarpur","MADHYA PRADESH","2634","20-Dec-2023","19-Dec-2028","7477252246","Active",""
"Anju Agrawal","Kasturi warehouse","6764468","Village Samardha,","Harda","MADHYA PRADESH","6341","28-Jul-2023","27-Jul-2028","9977822742","Active",""
"Anju agrawal","SHRI RAM WAREHOUSE 3","6973440","GRAM PIPRODHA KHURD, UMRI ROAD GUNA","Guna","MADHYA PRADESH","2675","29-Aug-2024","28-Aug-2029","9425131490","Active",""
"Anju agrawal","SHRI RAM WAREHOUSE 2","6568711","GRAM PIPRODHA KHURD, UMRI ROAD GUNA","Guna","MADHYA PRADESH","2000","04-Apr-2022","03-Apr-2027","9425131490","Active",""
"Anjula Subhash","Gopal Agro Warehouse","6802896","Mouza khamriya,","Narsimhapur","MADHYA PRADESH","3663","14-Nov-2023","13-Nov-2028","9425168978","Inactive","EXPIRED INSURANCE"
"ANNAPURNA SINGH","Amit Gramin Bhandaran","6936546","Post Jagrawan,","Singrauli","MADHYA PRADESH","10970","31-May-2024","30-May-2029","6260595095","Active",""
"ANURADHA JAIN","Paras Agro Warehouse","6876965","P. C. No. - 42/17/5, Khasra No. 283/2/3, S. No. 360, R.I.C. Dhanora","Seoni","MADHYA PRADESH","2000","29-Feb-2024","28-Aug-2028","9977268888","Active",""
"Anushree Shukla","Neelam Agro Warehousing","7471659","NH 69,","Hoshangabad","MADHYA PRADESH","10207","16-Mar-2020","15-Mar-2025","9826075533","Active",""
"Archana Gupta","Ayushi Warehouse and Agro Services","6894067","Khasra No. 195/1, 196/1, 197/1, PH No. 28, Village Padariya, Tehsil Simariya","Panna","MADHYA PRADESH","4400","27-Mar-2024","26-Mar-2029","9713652568","Active",""
"Archana Nahar","Nahar Agro Warehousing","6889471","Kotpar Ganesh, Gurariya Road","Raisen","MADHYA PRADESH","4021","20-Mar-2024","19-Mar-2029","8989120033","Active",""
"Archana Nahar","Nahar Agro Infrastructure","6892350","Village Kotpar Ganesh,","Raisen","MADHYA PRADESH","9002","26-Mar-2024","25-Mar-2029","8989120033","Active",""
"ARCHNA AGRAWAL","MAA NARMADA WAREHOUSING","6921068","VILLAGE PARIKSHA TEHSIL POHARI DIST SHIVPURI,","Shivpuri","MADHYA PRADESH","5620","24-Apr-2024","23-Apr-2029","8839290170","Active",""
"ARPIT AGRAWAL","JAYANTI AGROPARK AND WAREHOUSE 36","6987572","BAMHORI KALA, TEH BABAI","Hoshangabad","MADHYA PRADESH","3850","21-Oct-2024","20-Oct-2029","9522124364","Active",""
"Arti Tomar","Eklavya Agro Care and Warehouse","6761589","Village : Chiladhon.,","Hoshangabad","MADHYA PRADESH","4936","25-Jul-2023","24-Jul-2028","8770380522","Active",""
"Asha Chouhan","Shree Asha Agri Storage","6673479","Village : Kolari,, Tehsil : Khategaon,","Dewas","MADHYA PRADESH","4587","16-Jan-2023","15-Jan-2028","9826065604","Active",""
"Asha Gupta","Modi Agri Estate Warehouse","6936454","Village : Khanjapura,,","Datia","MADHYA PRADESH","4985","31-May-2024","30-May-2029","9575949600","Active",""
"Ashish Agrawal","H G Warehouse","6949234","Maharajpura, Sanichara Road, Village-Urhana,,","Morena","MADHYA PRADESH","5621","24-Jun-2024","23-Dec-2028","9827058877","Active",""
"Ashok Agrawal","New Sai Cooler Warehouse","6669964","Plot no. 68, Industrial Area, Kheda, Hoshangabad Road","Hoshangabad","MADHYA PRADESH","6880","03-Jan-2023","02-Oct-2027","9893011456","Active",""
"ASHOK DUBEY","NARMADA WAREHOUSE","6919443","Pagra Amanganj Panna,","Panna","MADHYA PRADESH","6872","23-Apr-2024","22-Apr-2029","8839161197","Active",""
"Ashok Shukla","Maa Keladevi Agri Warehouse","7951641","Village - Bareh,, Tehsil - Ambah,","Morena","MADHYA PRADESH","814","28-May-2020","27-May-2025","8959757894","Inactive","EXPIRED INSURANCE"
"AYUSHI AGRAWAL","SHREE GOVIND WAREHOUSING","6797948","GRAM KODIA, VIRAN TEHSIL GOHARGANJ,","Raisen","MADHYA PRADESH","11929","30-Oct-2023","29-Oct-2028","9425005979","Active",""
"BATA BAGRI","BAGRI WAREHOUSE","6815674","GUNNOUR SE KATAN ROAD AMRI GUNNOUR, TEH GUNNOUR","Panna","MADHYA PRADESH","2800","13-Dec-2023","12-Dec-2028","8435274140","Active",""
"Bhagyashri Patidar","Vaishnavi Agro","6732788","Khasra No. 399/2 Village Thua, Tehsil Seoni Malwa, Thua Kusumkoi Marg","Hoshangabad","MADHYA PRADESH","5000","07-Jun-2023","06-Jun-2028","9826041590","Active",""
"Bharti Agrawal","Bharti Storage","6946172","Gram Binekai, Patan Road","Jabalpur","MADHYA PRADESH","5005","18-Jun-2024","17-Jun-2029","9407058932","Active",""
"brijesh chaurasia","devshree agro warehouse","6848253","village lakhapur tehsil huzur dist bhopal,","Bhopal","MADHYA PRADESH","5000","31-Jan-2024","30-Jul-2028","9575115233","Active",""
"BRIJLATA PATEL","R.K. AGRO SERVICES","6846091","KHASRA NO., 765/2/2","Mandla","MADHYA PRADESH","5600","25-Jan-2024","24-Jan-2029","7987111908","Active",""
"CHANDA JAIN","MAHAVIR AGRO","6897219","PH NO 18 VILLAGE EGARIYA PIPLAN TEH HARSUD DIST KHANDWA,","East Nimar","MADHYA PRADESH","3540","29-Mar-2024","28-Sep-2028","9407407501","Active",""
"CHANDRAKANTA PATEL","PARAMOUNT AGRO SERVICES","6831069","VILLAGE INDRI NAINPUR,","Mandla","MADHYA PRADESH","5603","04-Jan-2024","03-Oct-2028","9425006213","Active",""
"Chitra Pandey","Jai Gaibinath Agro","6863468","Khasra No. 211/4/1, 228/6/3/2, 229/1/3/2, Semariya Road","Satna","MADHYA PRADESH","5800","15-Feb-2024","14-Nov-2028","9064009450","Active",""
"Dali Patel","Maa Vaishno warehouse","6901805","Village Kashwa Bagrod Tehsil Teyonda,","Vidisha","MADHYA PRADESH","5000","31-Mar-2024","30-Mar-2029","9893214115","Active",""
"DEEPAK MAHESHWARI","MAA KRIPA AGRO COMPLEX","6901177","VILL- DHANASRI, TEHSIL- BARELI","Raisen","MADHYA PRADESH","5010","30-Mar-2024","29-Mar-2029","9993154399","Active",""
"Deepak Mukati","Guru Kripa Agro Park","6742779","Village : Rala, Tehsil : Nasrullganj,, District : Sehore (M.P.)","Sehore","MADHYA PRADESH","8271","23-Jun-2023","22-Jun-2028","8435628450","Active",""
"Devanshi Sharma","Fruition Agro Foods and Logistics","6974349","Survey No. 238/2/1, 238/2/2 & 232/1/1 Part, Agar Road","Ujjain","MADHYA PRADESH","5454","04-Sep-2024","03-Jun-2029","8770515568","Active",""
"DEVYANI AGRAWAL","Tirupati Warehouse","6796239","Village : Juwadi,,","Betul","MADHYA PRADESH","5669","27-Oct-2023","26-Oct-2028","9893119815","Active",""
"Dhapu Patidar","SHREE ANANDI AGRO WAREHOUSING AND LOGISTICS","6762488","kHASRA NO. 122/1/2,, VILLAGE - SEWANIYA","Bhopal","MADHYA PRADESH","4994","25-Jul-2023","24-Jul-2028","9009909390","Active",""
"DHIRAJ AGRAWAL","H.G. AGRI INFRASTRUCTURE","6923403","Maharajapura, Shanichara Road,","Morena","MADHYA PRADESH","10984","02-May-2024","01-Nov-2028","9329337386","Active",""
"DILIP DUDANI","MS AASTIK AGRO MARKETING","6868590","VILLAGE GAJNAI,","Hoshangabad","MADHYA PRADESH","5699","22-Feb-2024","21-Feb-2029","7000758187","Active",""
"DINESH Agrawal","MAA ANNAPURNA WAREHOUSING","6651780","NH 146, Saanchi Marg,","Raisen","MADHYA PRADESH","8500","17-Nov-2022","16-Nov-2027","9425005979","Active",""
"DINESH PAHARIA","Tirupati Warehousing And Agro Services","6792907","Ghat Simariya,","Jabalpur","MADHYA PRADESH","6400","19-Oct-2023","18-Apr-2028","9977520351","Active",""
"Divya Shitlani","DIVYA AGRO GROUP","6743850","70/1/2 GRAM BISHANKHEDA, TEHSIL GAIRATGANJ DISTT RAISEN","Raisen","MADHYA PRADESH","5610","23-Jun-2023","22-Jun-2028","8223888688","Active",""
"DURGA PANWAR","MAA DURGA AGRO WAREHOUSE","6816938","VILLAGE HATHIGHATH, POST RITHWAR","Sehore","MADHYA PRADESH","4781","15-Dec-2023","14-Sep-2028","7869008547","Active",""
"DURGESH BANSAL","JAISHREE AGRO &LOGISTICS","6848071","KHASRA NO. 30/4, 40/4, PH NO. 80","Rajgarh","MADHYA PRADESH","5200","31-Jan-2024","30-Jan-2029","9752410143","Active",""
"Durgesh Dubey","Durgesh Seed and Agritech Warehouse","6835110","Khasra No. 551/13, PH No. 49,","Hoshangabad","MADHYA PRADESH","2900","12-Jan-2024","11-Jan-2029","9893738974","Active",""
"E P Agro Services","EP Agro Services","6982268","Village : Baktara,, Tehsil : Budni,","Sehore","MADHYA PRADESH","9261","01-Oct-2024","30-Sep-2029","8109814246","Active",""
"ENNA KHATRI","A K AGRILOGISTICS","6694269","VILLAGE PATUDA, SATNA SEMARIYA ROAD","Satna","MADHYA PRADESH","5000","14-Mar-2023","13-Mar-2028","9981161061","Active",""
"Gajanan Agro (India) Private Limited","Gajanan Agro (India) Private Limited","6727291","Village kaliya kedi, tal. sohagpur, Hoshangabad,M.P,","Hoshangabad","MADHYA PRADESH","7000","01-Jun-2023","31-May-2028","9926949720","Active",""
"Ganga Agrawal","AMRIT WAREHOUSE","6826291","IN FRONT OF TELEPHONE TOWER, TOWARDS GRAM GANJ ROAD AT PANNA - KHAJURAHO NH","Chhatarpur","MADHYA PRADESH","1416","26-Dec-2023","25-Dec-2028","9425304659","Active",""
"Ganga Devi","Ganga Devi Agro Infrastructure Warehouse","6651517","Morena Road, Pujari Farm,","Morena","MADHYA PRADESH","2500","16-Nov-2022","15-Nov-2027","8718004421","Active",""
"GAYATRI BAGHEL","JAY BABA PURANDAS WARE HOUSE","6975692","GRAM MAGRONI TEHSIL NARWAR, Shivpuri,","Shivpuri","MADHYA PRADESH","3395","04-Sep-2024","03-Sep-2029","9893637491","Active",""
"GEETA KOSE","Anna Shri Warehousing & Agro Prosessing","6801815","Village : Gunkhed,,","Betul","MADHYA PRADESH","3379","08-Nov-2023","07-Nov-2028","9425638368","Active",""
"Geeta Tiwari","Shree Maa Agro Park & Warehousing","6962914","Bodi, sohagpur,","Hoshangabad","MADHYA PRADESH","2530","29-Jul-2024","28-Jul-2029","6265119499","Active",""
"Girish Yadav","Shri Krishna Agro Park","6955173","Village Deogaon, Post Budni","Sehore","MADHYA PRADESH","5000","04-Jul-2024","03-Jul-2029","9826038558","Active",""
"Gulab Soni","khilona Warehousing and Logistics","6920342","Gram Jhagra, Katangi Road, Tehsil Panagar","Jabalpur","MADHYA PRADESH","7665","23-Apr-2024","22-Oct-2028","9425864608","Active",""
"Gunja Agrawal","Samriddhi Warehouse","6986855","Khasra No. 50/8/2/2,","Harda","MADHYA PRADESH","5300","15-Oct-2024","14-Oct-2029","9926341900","Active",""
"Gunja Agrawal","D K Warehouse","6919898","Survey No. 50/8,","Harda","MADHYA PRADESH","5467","23-Apr-2024","22-Apr-2029","9926341900","Active",""
"Gyan Mundra","M/s G. S. Mundra Agro Infrastructure and Warehouse","6735757","Village : Chatha,,","Rajgarh","MADHYA PRADESH","5856","14-Jun-2023","13-Jun-2028","9425037693","Active",""
"Hakimi Agrico and Warehouse","Hakimi Agrico & Warehouse","5911707","Survey No. 27/4,, Village - Bhatkhedi,","Ratlam","MADHYA PRADESH","9218","28-Jan-2020","27-Jan-2025","8329637484","Active",""
"HARGOVIND AGRAWAL","AGRAWAL BROTHERS GODOWN 2","6836373","KHASRA NO 23/1,VILLAGE-NONGRA, TEHSIL NAGOD, JILA SATNA","Satna","MADHYA PRADESH","14691","12-Jan-2024","11-Oct-2028","7000615244","Active",""
"HARGOVIND AGRAWAL","AGRAWAL BROTHERS GODOWN 1","6773550","KHASRA NO 23/1,VILLAGE-NONGRA, TEHSIL NAGOD, JILA SATNA","Satna","MADHYA PRADESH","9231","21-Aug-2023","20-Aug-2028","7000615244","Active",""
"HARGOVIND PURVIYA","BHAGYASHREE AGRO SERVICES UNIT-2","6926281","BAMORI KHURD, HOSANGABAD [MP]","Hoshangabad","MADHYA PRADESH","5000","03-May-2024","02-May-2029","8839365480","Active",""
"Harjeet Khurana","Harjeet Warehouse And Agro Services","6761407","Unit 1 & Unit 2,, N.H.7, Maihar Road, Madanpura","Katni","MADHYA PRADESH","5250","24-Jul-2023","23-Jul-2028","7748991111","Active",""
"HEMWATI KIRAR","AASHIRWAD AGRO INFRASTRUCTURE","6890107","VILLAGE : INTKHEDI, TEHSIL : SULTANPUR, DIST : RAISEN , MP,","Raisen","MADHYA PRADESH","4300","21-Mar-2024","20-Mar-2029","8109207488","Active",""
"Hukum Agrawal","Shri Radharani Warehouse","6781470","Halka No. 06, Part of Khasra No. 981/1,","Umaria","MADHYA PRADESH","5000","14-Sep-2023","13-Jun-2028","8435078890","Active",""
"INDAR CHOUDHARY","SHRESTH AGRO MAKETING","6896948","KH NO 47/2/1 KINGI, TEHSIL- BARELI","Raisen","MADHYA PRADESH","3942","29-Mar-2024","28-Mar-2029","9926352581","Active",""
"Indra Tiwari","Indra Agro Warehouse","6954994","Village kandhaiya Tehsil Mauganj, Rewa","Rewa","MADHYA PRADESH","6000","04-Jul-2024","03-Apr-2029","9425825024","Active",""
"JANKEE THAKUR","KARTIK AGRO SERVICES","6822605","VILL-NAYAGAON KALAN POST- MAHESHWAR, TEHSIL- BARELI","Raisen","MADHYA PRADESH","5000","21-Dec-2023","20-Dec-2028","8435752800","Active",""
"janki choudhary","NARMADA AGRO WAREHOUSE","6900005","Village Kamton, Tehsil Bareli, DIst Raisen, MP 464668,","Raisen","MADHYA PRADESH","3525","30-Mar-2024","29-Mar-2029","9827092149","Active",""
"Jarina Bee","Dulot Warehouse & Agro Service","6939425","Village : Janjalkhedi,,","Dewas","MADHYA PRADESH","5000","09-Jun-2024","08-Jun-2029","9770458562","Active",""
"Jaslin Baveja","Platinum Agro Park","6747901","Khasra No. 173/2, PH No. 17, Rampur,","Hoshangabad","MADHYA PRADESH","5000","28-Jun-2023","27-Jun-2028","9907333333","Active",""
"Jaslin Baveja","Ramakrishna Agro Park","6846992","Khasra No. 515/2,","Hoshangabad","MADHYA PRADESH","5000","30-Jan-2024","29-Jan-2029","9907333333","Active",""
"Jitendra Raghuwanshi","Shri Balaji Warehousing and Agro","6916209","Village Pipaliya Karan Singh,","Raisen","MADHYA PRADESH","3178","20-Apr-2024","19-Apr-2029","9826977970","Active",""
"Jyoti Agrawal","Maa Annapurna Logistic Hub","6653315","NH 146, Saanchi Marg,","Raisen","MADHYA PRADESH","8500","23-Nov-2022","22-Nov-2027","9425005979","Active",""
"Jyoti Agrawal","MAA ANNAPURNA LOGISTIC HUB","6784714","Village Kodiya Viran,","Raisen","MADHYA PRADESH","5000","25-Sep-2023","24-Sep-2028","9425005979","Active",""
"jyoti malviya","SHRI LAXMINATH AGRO LOGISTICS","6925655","BAGPIPARIYA, BARELI, RAISEN, MP,","Raisen","MADHYA PRADESH","5329","03-May-2024","02-May-2029","8109207488","Active",""
"Jyoti sand","Suhani Agri Storage","6954630","NEAR SOURYODAYA GLOBAL ACADMEY,","Harda","MADHYA PRADESH","6619","03-Jul-2024","02-Jul-2029","9926363099","Active",""
"KAILASH AGRAWAL","M/S AGRAWAL WAREHOUSE","6842314","VILL DIGWAR TEH REHTI DIST SEHORE MP, IN FRONT OF BAJRANG MANDIR","Sehore","MADHYA PRADESH","10686","20-Jan-2024","19-Jan-2029","9200465280","Active",""
"KALPANA DWIVEDI","KALPANA WAREHOUSE AND AGRO SERVICES","6907927","GRAM BABUPUR, TEHSIL SEMARIYA","Rewa","MADHYA PRADESH","5643","09-Apr-2024","08-Apr-2029","9425362762","Active",""
"Kamakshi sharma","Deep Agro Park","6885602","Gram Mukunwara, Tehsil Jabalpur","Jabalpur","MADHYA PRADESH","4000","18-Mar-2024","17-Sep-2028","9827682143","Active",""
"Kamla Nagar","Adarsh Warehouse","6965073","Survey No. 105.2, Agra Bombay Road, NH 52","Rajgarh","MADHYA PRADESH","1497","01-Aug-2024","31-Jan-2029","9926921222","Active",""
"KHALIL ALI","AGRICULTURE WAREHOUSE","6952477","GRAM RATANPUR TEHSIL RAISEN, GRAM RATANPUR","Raisen","MADHYA PRADESH","5625","27-Jun-2024","26-Mar-2029","7000845948","Active",""
"KIRAN AGRAWAL","JEEN WAREHOUSE","6803431","VILLAGE KODAJHIRI, TEHSIL KURAI","Seoni","MADHYA PRADESH","5500","14-Nov-2023","13-Nov-2028","7697353232","Active",""
"Kiran Jain","Aadinath Agro Marketing","7490016","Village Rampura Khurd,","Raisen","MADHYA PRADESH","4201","18-Dec-2023","19-Nov-2028","9981168274","Active",""
"Kiran Rathi","J K Agro","7711657","Gurariya,","Raisen","MADHYA PRADESH","5000","23-Apr-2020","22-Apr-2025","7354900123","Active",""
"Kiran Rathi","MDR Agro","6860761","Village Thala, Khargone, Bareli Dist Raisen","Raisen","MADHYA PRADESH","5000","14-Feb-2024","13-Feb-2029","8770060735","Active",""
"Kirti Goydani","Samriddhi Agro Foods","6776520","KHAPARKHEDA,","Hoshangabad","MADHYA PRADESH","5765","29-Aug-2023","28-May-2028","8827451444","Active",""
"Krishna Agro Park","Krishna Agro Park","7731707","Harda Timarni Road, Timarni","Harda","MADHYA PRADESH","7798","06-May-2020","05-May-2025","9826846600","Active",""
"Krishna Agro Warehouse","Krishna Agro Warehouse","8010032","Near Jhansi Road Chungi,","Gwalior","MADHYA PRADESH","24000","20-Jan-2024","04-Mar-2029","9826081711","Active",""
"Kshama Agrawal","Sai Warehouse","6908917","Village Killod mal., Tehsil Harsud","East Nimar","MADHYA PRADESH","3000","10-Apr-2024","09-Jan-2029","9098601861","Active",""
"LADKUVAR BAI","MA GAYATRI WAREHOUSE","6830970","GRAM MAU, AGRA BUMBAY ROAD","Rajgarh","MADHYA PRADESH","4221","02-Jan-2024","01-Jan-2029","7999082169","Active",""
"LALITA PURVIYA","JAY AMBEY AGRO WAREHOUSING","6919989","Village : Umariya, Tehsil : Pipariya,","Hoshangabad","MADHYA PRADESH","5212","23-Apr-2024","22-Apr-2029","9229678190","Active",""
"Lalta Bai","M S Agro Logistics","6787592","Khujner,","Rajgarh","MADHYA PRADESH","5183","30-Sep-2023","29-Sep-2028","9691585485","Active",""
"LAXMI AGARWAL","Laxmi Agrawal Warehouse","6836738","Khasra No. 130/3/2/2,","Dindori","MADHYA PRADESH","2000","12-Jan-2024","11-Jan-2029","9111391280","Active",""
"LAXMI GANGA AGRO WARE HOUSE","Laxmi Ganga Agro Warehouse","6776074","Village: Bordad Ryt,","East Nimar","MADHYA PRADESH","5000","29-Aug-2023","28-May-2028","9074255590","Active",""
"LAXMI RAGHUWANSHI","M/S KAMLA AGRO WAREHOUSING","6735930","AB ROAD, VILLEGE DEHARDA SADAK,","Shivpuri","MADHYA PRADESH","6757","14-Jun-2023","13-Jun-2028","8839003143","Active",""
"LEENA AGRAWAL","KRISHIV WAREHOUSE AND LOGISTICS","6846273","VILLAGE JAMUNIYA,","Raisen","MADHYA PRADESH","4994","25-Jan-2024","24-Jul-2028","9826076776","Active",""
"Lokendra Chhajed","Navkar Agritech Warehouse","6884704","Village : Karahi,,","West Nimar","MADHYA PRADESH","2111","14-Mar-2024","13-Mar-2029","9424055055","Active",""
"M/s Aditya Agro","M/s Aditya Agro","6749345","Village : Ramgadi,,","Chhindwara","MADHYA PRADESH","26756","30-Jun-2023","29-Jun-2028","9424363001","Active",""
"M/s Kanha Agro Infrastructure and Warehouse","Kanha agro infrastructure and warehouse","6785349","Village: Tilyakhedi,","Dewas","MADHYA PRADESH","5177","26-Sep-2023","25-Sep-2028","9826770077","Active",""
"M/s Maiya Warehouse & Agro Services","M/s Maiya Warehouse & Agro Services","6754659","Village : Shahganj,","Sehore","MADHYA PRADESH","3243","12-Jul-2023","11-Jul-2028","9425008820","Active",""
"M/S Shailja Agro Warehousing","M/S SHAILJA AGRO WAREHOUSING","6776793","KH. NO. 200/5 VILLAGE- PITHARIA TEHSIL-GADARWARA,","Narsimhapur","MADHYA PRADESH","4203","29-Aug-2023","28-Aug-2028","9425682856","Active",""
"Maa Rewa Agro Park","Maa Rewa Agro Park","6884886","Khasra No. 12/1/1/1/2, PH No. 28,","Sehore","MADHYA PRADESH","5600","15-Mar-2024","14-Mar-2029","9826875776","Active",""
"Maa Yogini Agro Foods LLP","Maa Yogini Agro Foods LLP","6951305","Khasra No. 110/2/1/2,,","Raisen","MADHYA PRADESH","5328","26-Jun-2024","25-Dec-2028","8770101344","Active",""
"Madhavi Pandey","Jai Gaibinath Agrotech","6863286","PH No. 42, R I Circle,","Satna","MADHYA PRADESH","5224","15-Feb-2024","14-Feb-2029","9064009450","Active",""
"Madhur Amarnath Agro Park","Madhur Amarnath Agro Park","9670024","Khurai Road,","Sagar","MADHYA PRADESH","8710","23-Jul-2024","22-Oct-2028","9993299939","Active",""
"Madhur Shivam Agro Park","Madhur Shivam Agro Park","6679054","Patan Road, village Sukha,","Jabalpur","MADHYA PRADESH","10000","31-Jan-2023","30-Jan-2028","7247736052","Active",""
"Madhya Pradesh State Warehousing And Logistics Corporation","MPSWLC Branch Rajendragram","6626584","Rajendra Gram,","Anuppur","MADHYA PRADESH","2000","31-Aug-2022","30-Aug-2027","9479808857","Active",""
"Mahak Agrawal","M/S MAHAK AGRO WAREHOUSE","6777429","Village: Nemawar,","Dewas","MADHYA PRADESH","5426","30-Aug-2023","29-Aug-2028","9074255590","Active",""
"Mahek Sodani","Swastik Agri Infrastructure","6893077","Village : Rampur,","Hoshangabad","MADHYA PRADESH","5009","27-Mar-2024","26-Mar-2029","9425475384","Active",""
"Mahendra Shukla","Shivam Warehouse & Agro Services","6771844","Village Bhundaha,","Rewa","MADHYA PRADESH","16000","14-Aug-2023","13-Aug-2028","9425823355","Active",""
"MAMTA AGRAWAL","SHIVANI LOGISTICS","6781926","DEEPGAON KUSMANIYA ROAD, HARANGAON","Dewas","MADHYA PRADESH","4952","16-Sep-2023","15-Sep-2028","9926332511","Active",""
"Mamta Agrawal","Krishna Warehouse","6732150","Village : Bamhori Kalan,,","Hoshangabad","MADHYA PRADESH","3754","07-Jun-2023","06-Jun-2028","8109304341","Active",""
"MAMTA GARG","Narvada warehouse","6931505","vill.bagroda SH23, kurwai road Sironj","Vidisha","MADHYA PRADESH","5803","17-May-2024","16-May-2029","9754353999","Active",""
"Mamta Goyal","GOYAL WAREHOUSE & AGRO SERVICE","6866347","VILL BAIJAGWADA,","Dewas","MADHYA PRADESH","5000","20-Feb-2024","19-Feb-2029","9575015555","Active",""
"MAMTA KIRAR","ANANT AGRO LOGISTICS","6944730","KN 98/3, VILLAGE KAMTONE, TEHSIL BARELI, DIST RAISEN, MP,","Raisen","MADHYA PRADESH","5000","18-Jun-2024","17-Jun-2029","7000219754","Active",""
"Mamta Raghuwanshi","Jay Durge Agro Park","6723332","Village : Pipaliya Kalan,,","Hoshangabad","MADHYA PRADESH","5621","29-May-2023","28-May-2028","9977575757","Active",""
"Manish Agrawal","Bindal Warehouse Global Logistics","6733414","Village Dehandi,","Shajapur","MADHYA PRADESH","4778","09-Jun-2023","08-Jun-2028","8770098171","Active",""
"MANISHA AGRAWAL","H.L.AGRAWAL WAREHOUSING COMPLEX","6799472","NH-69, NEAR POWER SUB STATION, BIAORA","Hoshangabad","MADHYA PRADESH","4596","02-Nov-2023","01-Nov-2028","9406165024","Active",""
"MANISHA PANWAR","SHREE SHANKAR AGRO","6843486","VILLAGE CHINCH, TEHSIL NASRULLAGANJ","Sehore","MADHYA PRADESH","4500","20-Jan-2024","19-Jan-2029","9926769191","Active",""
"Manju Agrawal","JALPA AGRO STORAGE","6573752","JABALPUR ROAD, LAKHAPATRI,","Katni","MADHYA PRADESH","8688","05-May-2022","04-May-2027","9425153933","Active",""
"Manju Agrawal","Manju Agrawal","6669600","Survey No. 108/1/2,","Guna","MADHYA PRADESH","3500","03-Jan-2023","02-Jan-2028","9421612420","Active",""
"MANMOHAN AGRAWAL","JAI BHOLE WAREHOUSE","6759781","VILLAGE BAMHORI KALAN, BABAI","Hoshangabad","MADHYA PRADESH","2800","20-Jul-2023","19-Jul-2028","7898430121","Active",""
"MANMOHAN AGRAWAL","JAI SHIV MAHADEV WAREHOUSE","6876064","VILLAGE BAMHORI KALAN, BABAI","Hoshangabad","MADHYA PRADESH","2896","29-Feb-2024","28-Feb-2029","7898430121","Active",""
"Manoj Asati","Prakhar Agro Park part 2","6908370","dhangawan,","Jabalpur","MADHYA PRADESH","4875","09-Apr-2024","08-Apr-2029","8720857548","Active",""
"MANOJ SHARMA","PRAGATI WAREHOUSE","6965883","GRAM MAGRONA, SARANGPUR ROAD","Rajgarh","MADHYA PRADESH","2000","08-Aug-2024","07-Aug-2029","9754342767","Active",""
"Manorma Agrawal","Shiv Shankar Warehouse","8250036","Infront of Water Tank, Near Govt. School, Baijnath","Shajapur","MADHYA PRADESH","5000","27-Mar-2024","26-Mar-2029","9425921511","Active",""
"Mantri Agri Cares","Mantri Agri Cares","8431643","Village : Sadiyapani Sarkar,, Tehsil : Harsud, Dist : Khandwa, East Nimar","East Nimar","MADHYA PRADESH","5245","14-Jul-2020","13-Jul-2025","9926043111","Active",""
"MAYA AGRAWAL","SAKSHI WAREHOUSE","6742951","IN FRONT OF TELEPHONE TOWER, GRAM GANJ ROAD","Chhatarpur","MADHYA PRADESH","1320","23-Jun-2023","22-Jun-2028","9981507687","Active",""
"MAYA AGRAWAL","AKHILESH WAREHOUSE","6744577","NH-39, IN FRONT OF TELEPHONE TOWER ,, GRAM-GANJ ROAD","Chhatarpur","MADHYA PRADESH","3234","24-Jun-2023","23-Jun-2028","9981507687","Active",""
"Meena Agrawal","Agrawal Warehouse","6914493","Village Pipardon,","Mandla","MADHYA PRADESH","5000","16-Apr-2024","15-Jan-2029","8319892912","Active",""
"MEENA BHARGAV","MS HEMLATA AGRO WAREHOUSE","6868236","VILLAGE PUNAUR,","Hoshangabad","MADHYA PRADESH","5666","21-Feb-2024","20-Feb-2029","9589018878","Active",""
"Meenakshi Agrawal","MAA LAXMI WAREHOUSE UNIT 2","6732879","village matama,","Seoni","MADHYA PRADESH","5000","07-Jun-2023","06-Mar-2028","7771992499","Active",""
"Meenakshi Agrawal","Maa Laxmi Warehouse","6568802","Village Matama,","Seoni","MADHYA PRADESH","5000","04-Apr-2022","03-Apr-2027","7771992499","Active",""
"MEERA AGRAWAL","Shree Radherani Warehouse","6982441","Village : Nanasa,,","Dewas","MADHYA PRADESH","5000","01-Oct-2024","30-Sep-2029","9644317915","Active",""
"Megha Agrawal","Agrawal Warehouse","6893887","Village : Batwani,,","Seoni","MADHYA PRADESH","8913","27-Mar-2024","26-Mar-2029","7987900422","Active",""
"MINA AGRAWAL","M/S ATARIYABABA WAREHOUSE","6972905","BIJAWER TIRAHA SAGAR RAOD,","Chhatarpur","MADHYA PRADESH","3889","29-Aug-2024","28-Aug-2029","9827821519","Active",""
"Minakshi Rajput","Rajput Agro Warehouse","6730535","Village Guradiya Kalan,","Hoshangabad","MADHYA PRADESH","3661","06-Jun-2023","05-Jun-2028","9977410101","Active",""
"MOHAMMAD ANWAR","Agwan Agro Park","6940324","145/3 State Highway, Chhipawad","Harda","MADHYA PRADESH","5764","10-Jun-2024","09-Jun-2029","9926415502","Active",""
"Mohammad Imran","Chouhan Agro House","6792725","Village : Bawadiyakajee (Sirpur),,","East Nimar","MADHYA PRADESH","14281","18-Oct-2023","17-Oct-2028","9826330530","Active",""
"mokshada gadre","YOGESHWARI AGRO SERVICES","6570964","187/7/2 GRAM SOUTADA, TEHSIL RAHATGAON","Harda","MADHYA PRADESH","5714","26-Apr-2022","25-Apr-2027","7999644872","Active",""
"mokshada gadre","ADINATH AGRO SERVICE","6600753","187/7/1/2 GRAM SOUTADA, TEHSIL- RAHATGAON","Harda","MADHYA PRADESH","5755","13-Jul-2022","12-Jul-2027","7999644872","Active",""
"MONIKA AGRAWAL","MAHADEV WAREHOUSE","6864540","GRAM-KHERKHEDA TH HARSUD DIST KHANDWA, KHERKHEDA","East Nimar","MADHYA PRADESH","5530","19-Feb-2024","18-Feb-2029","9926376501","Active",""
"Mr. Akhil Agrawal","Agrawal Warehouse Corporation","6815047","State Highway 22,","Hoshangabad","MADHYA PRADESH","4368","13-Dec-2023","12-Jun-2027","9425391929","Active",""
"Mukesh Agrawal","Space Warehousing","6666184","Khasra No 49/1 & 49/2 Tehsil - Raisen, Village - Sunari,","Raisen","MADHYA PRADESH","9566","26-Dec-2022","25-Dec-2027","8889565111","Active",""
"Mukesh Agrawal","Space warehousing","6668610","Tehsil - Gairataganj, Village - Amkheda,","Raisen","MADHYA PRADESH","28033","29-Dec-2022","28-Dec-2027","8889565111","Active",""
"Mukesh Agrawal","Space Warehousing","6732424","On Sagar-Raisen State Highway,","Raisen","MADHYA PRADESH","16053","07-Jun-2023","06-Jun-2028","8889565111","Active",""
"Munna Jain","Samaiya Agro Park","6807309","NH 69,","Hoshangabad","MADHYA PRADESH","3456","29-Nov-2023","28-Nov-2028","7000724797","Active",""
"Munni Raghuwanshi","Narmada Agro Park","6693725","Village : Damadiya Chowki Harbansh,, Tehsil : Seoni Malwa","Hoshangabad","MADHYA PRADESH","6966","07-Mar-2023","06-Mar-2028","9425045333","Active",""
"NARENDRAMAL LODHA","VIJAY WAREHOUSE","6784441","207/3 EMAGRID, BEHIND GOKUL MIDWAY","Burhanpur","MADHYA PRADESH","2530","25-Sep-2023","24-Sep-2028","9993654899","Active",""
"Neha agrawal","Kavya Infrastructure Hub Warehouse","7831664","Village Bhayli, Tehsil Timarni,","Harda","MADHYA PRADESH","4180","14-May-2020","13-May-2025","9893544786","Inactive","EXPIRED INSURANCE"
"Neha Agrawal","Agrawal Agro Warehousing","6841597","Kanpur Rewa Bypass Road,, Near Bagrajan Mata Mandir, Chhatarpur","Chhatarpur","MADHYA PRADESH","3027","19-Jan-2024","18-Jan-2029","9425141503","Active",""
"Neha Agrawal","Shri Ji Warehouse","6866610","Survey No : 15/2, Patwari Halka No : 79, Village : Moyali Kalan, Tehsil : Narshingarh, Distt. : Rajgarh","Rajgarh","MADHYA PRADESH","2786","20-Feb-2024","19-Feb-2029","9302627222","Active",""
"Neha Khandelwal","Madhav Warehouse and Agro Park","6874804","Village : Shyamugaon,,","Sehore","MADHYA PRADESH","4031","29-Feb-2024","28-Feb-2029","9584085909","Active",""
"Nikesh Agrawal","JAYANTI SEEDS AND WAREHOUSE","6818017","BAMHORI KALA, TEH BABAI","Hoshangabad","MADHYA PRADESH","3825","15-Dec-2023","14-Dec-2028","9584857896","Active",""
"Nikhil Agrawal","Shri Govind Logistic Hub","3871642","Nitya Road,","Hoshangabad","MADHYA PRADESH","6000","27-Nov-2019","26-Nov-2024","9425005979","Active",""
"Nikita Agrawal","Damodar Warehouse","6956072","Gram Tinsi, Bargi, Tinsi Pathak Road","Jabalpur","MADHYA PRADESH","4900","09-Jul-2024","08-Jan-2029","7509990888","Active",""
"Nisha Jaiswal","Adidev Agrotech Warehouse","6945901","Khata Number 112/1/2,","Hoshangabad","MADHYA PRADESH","5836","18-Jun-2024","17-Dec-2028","7974685597","Active",""
"NISHA JAT","VINAYAK AGRO & LOGISTICS","6808380","KHASRA NO. 39/3, 40/3, P.H. NO. 80","Rajgarh","MADHYA PRADESH","5500","30-Nov-2023","29-Nov-2028","9827205267","Active",""
"NISHA SURANA","JAYANT AGRO WAREHOUSE","6774632","VILL-SOUNDHANI,","Mandsaur","MADHYA PRADESH","9016","23-Aug-2023","22-Aug-2028","8224956848","Active",""
"Nitin Agrawal","Sheetal Agro Centre and Warehouse","6738454","Chhipnar Road,","Harda","MADHYA PRADESH","4011","16-Jun-2023","15-Jun-2028","9926059816","Active",""
"Nitin Agrawal","DH warehouse","6785794","DH warehouse,village panigaon,","Dewas","MADHYA PRADESH","5004","26-Sep-2023","25-Sep-2028","9713909020","Active",""
"Nutan Agrawal","NUTAN WAREHOUSE","6952022","GRAM TINSI,, TEHSIL JABALPUR","Jabalpur","MADHYA PRADESH","4931","26-Jun-2024","25-Dec-2028","9479970088","Active",""
"Oswal Agro & Warehousing","OSWAL AGRO AND WAREHOUSING","6921159","KH.NO.939/2, VILLAGE: SUDDI, TEHSIL: BADWARA","Katni","MADHYA PRADESH","5625","24-Apr-2024","23-Apr-2029","9425153430","Active",""
"PANKAJ MALVIYA","VISHWAMITRA AGRO SERVICES","6794432","GRAM SEMARI HARCHAND, TEHSIL SOHAGPUR","Hoshangabad","MADHYA PRADESH","5000","25-Oct-2023","24-Oct-2028","9425409183","Active",""
"Patel agro infrastructure","Patel Agro Infrastructure","6961478","Village : Kosmi,","Sehore","MADHYA PRADESH","2500","24-Jul-2024","23-Jul-2029","8839443480","Active",""
"PAVAN PATEL","GOLWAR AGRO WAREHOUSING","6899199","KH NO 49/1/2 VILL- PADAJHIR, TEHSIL- BEGAMGANJ","Raisen","MADHYA PRADESH","5120","30-Mar-2024","29-Mar-2029","7000219754","Active",""
"POOJA AGRAWAL","MATURI WAREHOUSE","6796056","VILLAGE BAHELIYA BHATH, AMARPATAN","Satna","MADHYA PRADESH","5510","27-Oct-2023","26-Oct-2028","8827824903","Active",""
"POONAM AGRAWAL","L & D Foods","6929160","Gram Majitha, NEAR BHERAGHAT STATION, TEHSIL SHAHPURA","Jabalpur","MADHYA PRADESH","7465","15-May-2024","14-May-2028","9009290092","Active",""
"Prabha Agrawal","Jai shree Agro Services","6768519","Village Semri Harchand,","Hoshangabad","MADHYA PRADESH","5000","31-Jul-2023","30-Jul-2028","8269123561","Active",""
"PRADEEP SHARMA","ANAMIKA AGRO INFRASTRUCTURE","6880298","KHASRA NO. 5/1/2/1,","Rajgarh","MADHYA PRADESH","4308","08-Mar-2024","07-Mar-2029","9977485148","Active",""
"Pragati Agro Warehousing Corp.","Pragati Agro Warehousing Corporation","6901268","Sobhapur Road, Village - Rani Pipariya , Pipariya,","Hoshangabad","MADHYA PRADESH","8674","30-Mar-2024","29-Mar-2029","9893803555","Suspended",""
"PRAGATI PATEL","ANNAPURNA AGRO","6742597","VILLAGE KILLOD MAL,","East Nimar","MADHYA PRADESH","3560","23-Jun-2023","22-Jun-2028","9425020024","Active",""
"PRAGYA AGRAWAL","PRAGYA WAREHOUSE","6885420","GRAM RATANPUR,","Raisen","MADHYA PRADESH","5593","15-Mar-2024","14-Mar-2029","9826241699","Active",""
"Pramila Agrawal","RBSK Warehouse","6916654","Patwari Halka NO 105, Survey No. 86, Gram : Pilukhedi, Tehsil : Narsinghgarh, Distt. : Rajgarh M P","Rajgarh","MADHYA PRADESH","3337","21-Apr-2024","20-Apr-2029","9340991496","Active",""
"PRAMILA PUROHIT","Maa Shanti Warehouse and Agro Infrastructure","6779318","Village Lalauwa,","Datia","MADHYA PRADESH","5600","12-Sep-2023","11-Jun-2028","7389840646","Active",""
"Prashant Agrawal","Shree Krishna Storage","6663843","Village Rehli,","Narsimhapur","MADHYA PRADESH","3325","20-Dec-2022","19-Dec-2027","9993216961","Active",""
"Pravin Agrawal","M/s Maa Warehousing Corporation","6835474","Village : Lanji,,","Balaghat","MADHYA PRADESH","4174","12-Jan-2024","11-Jan-2029","6262525258","Active",""
"Preeti Agrawal","MAA SARASWATI WAREHOUSE UNIT 2","6733141","VILLAGE MATAMA,","Seoni","MADHYA PRADESH","5000","08-Jun-2023","07-Jun-2028","7771992499","Active",""
"Preeti Agrawal","Maa Saraswati Warehouse","6568620","Village Matama,","Seoni","MADHYA PRADESH","5000","31-Mar-2022","30-Mar-2027","7771992499","Active",""
"Preeti Agrawal","Shree Balaji Warehouse","6757447","Village : Khanpura,,","Rajgarh","MADHYA PRADESH","5176","17-Jul-2023","16-Jul-2028","9893472137","Active",""
"Prerna Agrawal","Purva Agri Marketing Warehouse","1008077","Village – Rajora Jat, Taluka – Seoni Malwa, District – Hoshangabad, Madhya Pradesh,","Hoshangabad","MADHYA PRADESH","7062","14-Aug-2024","31-Oct-2029","9425040138","Active",""
"PRERNA PANWAR","MAA BHAGWATI AGRO","6845556","KH NO 28/1/2 AND 29/2 VILLAGE MURJHAL, TEHSIL KHATEGAON","Dewas","MADHYA PRADESH","5591","25-Jan-2024","24-Jan-2029","8770078942","Active",""
"PRITEE SAHU","Mahalaxmi Agro Warehousing","6840607","Village : Guram Khedi,,","Hoshangabad","MADHYA PRADESH","5049","18-Jan-2024","17-Oct-2028","9893218761","Active",""
"Priya Budhiraja","Maa Vidya Agro Park","6918544","Gram Dhangwan, Tehsil Majholi","Jabalpur","MADHYA PRADESH","4997","23-Apr-2024","22-Jul-2028","9811329980","Active",""
"PRIYANKA DANGI","BHAVYA AGRI SERVICES","6569883","khasra no. 532,","Bhopal","MADHYA PRADESH","4200","20-Apr-2022","19-Apr-2027","9584203050","Active",""
"Priyanshi Agrawal","Shivganga Warehouse","6770317","Seoni Mundari Road,","Seoni","MADHYA PRADESH","5802","09-Aug-2023","08-Aug-2028","9977411004","Active",""
"Pushpa Panwar","M/s Makwana Agro Warehouse","6833404","Khasra No. 80/2,","Sehore","MADHYA PRADESH","2907","09-Jan-2024","08-Jan-2029","9926821039","Active",""
"Pushpa Rathi","Shri Vitthal Agro And Warehousing","6919534","NH45 Main Road Gram Chikali, Udaipura","Raisen","MADHYA PRADESH","3078","23-Apr-2024","22-Apr-2029","9755706484","Active",""
"Radha Agrawal","New Maa Narmada Warehouse","6752315","Village : Sandalpur,,","Dewas","MADHYA PRADESH","5148","07-Jul-2023","06-Jul-2028","9752274121","Active",""
"Radha Agrawal","Maa Shakambari Agro Warehouse","6762124","Village: Chandwana,","Dewas","MADHYA PRADESH","6754","25-Jul-2023","24-Jul-2028","9074255590","Active",""
"RADHEY AGRAWAL","Radheyshyam Agrawal Warehouse","6832505","Khasra No. 191/4,","Mandla","MADHYA PRADESH","1125","05-Jan-2024","04-Jan-2029","8770509231","Active",""
"Raghvendra Panwar","Shree Ramanand Agro","6591127","Gram Chhipabad, Tahsil Khirkiya,","Harda","MADHYA PRADESH","3861","06-Jun-2022","05-Jun-2027","9425125976","Active",""
"Raina Singh","M/s SHREEJEE AGRA WAREHOUSE","6735120","Village : Baroda,","Vidisha","MADHYA PRADESH","4977","13-Jun-2023","12-Jun-2028","8602201434","Active",""
"rajani rai","SHRI LAXMINATHAGRO WEARHOUSING","6913230","INTKHEDI, SULTANPUR, RAISEN, MP,","Raisen","MADHYA PRADESH","5000","12-Apr-2024","11-Apr-2029","8109207488","Active",""
"Rajeev Tiwari","Om Sai Agro Marketing Warehouse","8170011","Post Belkhadu,","Jabalpur","MADHYA PRADESH","5500","16-May-2024","15-May-2029","9993891857","Active",""
"RAJESH AGRAWAL","shri ram warehouse","6793269","gram rala (akwalia), bherunda (nasrullaganj)","Sehore","MADHYA PRADESH","6026","19-Oct-2023","18-Oct-2028","9425016145","Active",""
"Rajeswar Dubey","RR Agro Associates","6821433","Gram Matama Tehsil Chhapara,","Seoni","MADHYA PRADESH","14000","21-Dec-2023","20-Dec-2028","8770638344","Active",""
"RAJNI AGRAWAL","SHRI SHYAM WAREHOUSE","6843668","KHASRA NO. 509/1/2, SEMLA GOLA","Rajgarh","MADHYA PRADESH","5265","20-Jan-2024","19-Jan-2029","9039664580","Active",""
"RAJNI AGRAWAL","MEKAL AGRO SERVICES","6829089","Khasra No. 191/2,","Mandla","MADHYA PRADESH","3000","27-Dec-2023","26-Dec-2028","9425328659","Active",""
"RAJNI PATEL","GOLWAR AGRO LOGISTICS","6891725","KH NO 223/1/2 ENTKHEDI, TEHSIL- SULTANPUR","Raisen","MADHYA PRADESH","5800","23-Mar-2024","22-Mar-2029","7000219754","Active",""
"RAKHI CHAUHAN","Vishwa Raj Agro","6959225","Patwari Halka No. 22, Survey No. 32/2/1/1/1/2 33,34, Chhipaner Itarsi Road, Village (Jhaklaha)","Sehore","MADHYA PRADESH","5000","18-Jul-2024","17-Jul-2029","9755024355","Active",""
"RAMA KRISHNA WAREHOUSE AND AGRO SERVICES","RAMAKRISHNA WAREHOUSE & AGO SERVICES-UNIT-II","6985238","NEAR JHUKEHI RAILWAY STATION, TAHSIL MAHIAR DISTRICT SATNA","Satna","MADHYA PRADESH","10000","09-Oct-2024","08-Oct-2029","9425153712","Active",""
"RAMA KRISHNA WAREHOUSE AND AGRO SERVICES","RAMAKRISHNA WAREHOUSE & AGO SERVICES-UNIT-II-B","6979652","NEAR JHUKEHI RAILWAY STATION, TAHSIL MAHIAR DISTRICT SATNA","Satna","MADHYA PRADESH","7021","24-Sep-2024","23-Sep-2029","9425153712","Active",""
"RAMA KRISHNA WAREHOUSE AND AGRO SERVICES","RAMAKRISHNA WAREHOUSE AND AGRO SERVICES","6981815","NEAR MAJHAGWAN PATHAK, RITHI ROAD, KATNI","Katni","MADHYA PRADESH","3754","30-Sep-2024","29-Sep-2029","9425153712","Active",""
"RAMA MISHRA","Adarsh Samriddhi agricultural warehousing services","6823058","village - Amuwari,, Dithwara road, Tehsil - Vijayraghavgarh","Katni","MADHYA PRADESH","5627","22-Dec-2023","21-Dec-2028","9755459171","Active",""
"Rambabu Agrawal","Jayanti Seeds and Processing Warehouse","6725584","Unit 1, 2 & 3, Village Bamhori Kalan,","Hoshangabad","MADHYA PRADESH","8500","30-May-2023","29-May-2028","9522124364","Active",""
"Rani Agrawal","PANKAJ WAREHOUSE","6949416","GANJ GADA ROAD, POST GANJ","Chhatarpur","MADHYA PRADESH","3200","24-Jun-2024","23-Jun-2029","9343458099","Active",""
"RANJNA ARYA","GOPI WAREHOUSE","6873541","MAGRONI NARWAR,","Shivpuri","MADHYA PRADESH","2000","29-Feb-2024","28-Feb-2029","9406584715","Active",""
"Rashmi Agrawal","M/S Shyam logistics","6906036","Dhumgir,Shamsabad Road Lateri,","Vidisha","MADHYA PRADESH","5000","05-Apr-2024","04-Apr-2029","9893484573","Active",""
"Rashmi Maheshwari","Samriddhi agro services","6766083","Village - Khaparkheda,SH 19, Teh- Pipariya, hoshangabad , MP,","Hoshangabad","MADHYA PRADESH","5765","31-Jul-2023","30-Jul-2028","9425041665","Active",""
"RATHI AGRO MARKETING","Rathi Agro Marketing","6942486","Nayagaon kalan,","Raisen","MADHYA PRADESH","7140","13-Jun-2024","12-Jun-2029","9425493802","Active",""
"Ratnesh Agrawal","Agrawal Gramin Warehouse","6938070","Khasra no 1082,","Damoh","MADHYA PRADESH","1125","04-Jun-2024","03-Jun-2029","8889763247","Active",""
"RAVINDRA AGRAWAL","SHRI SAI WAREHOUSE","6848162","BADNAWARE ROAD PETROL PUMP PASS, PEROL PUMP KE PASS","Jhabua","MADHYA PRADESH","5115","31-Jan-2024","30-Jan-2029","9907744721","Active",""
"Rekha Yadav","Shreekrishna Agri Marekting Infrastrusture and Warehousing Corporation","6719371","Hoshangabad Pipariya Road,","Hoshangabad","MADHYA PRADESH","3010","24-May-2023","23-May-2028","8823867998","Active",""
"RENU AGRAWAL","JAI GIRRAJ WAREHOUSE","6714158","Mandi Bamora Road, Kurwai, (Chandan Bawdi)","Vidisha","MADHYA PRADESH","5350","01-May-2023","30-Apr-2028","8319375486","Active",""
"RENU AGRAWAL","DHRUV COLD STORAGES AND WAREHOUSES","6812259","Survey No 77/1, Bilababdi Panchyat Biloniya,","Guna","MADHYA PRADESH","5305","08-Dec-2023","07-Dec-2028","9425797373","Active",""
"RENU AGRAWAL","DHRUV COLD STORAGES AND WAREHOUSES","6782551","Survey No 77/1, Bilababdi Panchyat Biloniya, Guna, Guna, Madhya Pradesh, 473001,","Guna","MADHYA PRADESH","4757","19-Sep-2023","18-Sep-2028","9425797373","Active",""
"Renu Agrawal","Renu Agrawal","6669519","108/1/1 & 2,","Guna","MADHYA PRADESH","3500","02-Jan-2023","01-Jan-2028","8989457131","Active",""
"Renu Shukla","OM SAI WAREHOUSE AND AGRO SERVICES","6822159","Vill. Bansa Govindgarh Rewa, Rewa Govindgarh Road","Rewa","MADHYA PRADESH","3500","21-Dec-2023","20-Dec-2028","8871101933","Active",""
"RENUKA AGRAWAL","VINAYAK WAREHOUSE","6920615","CHANDENI, CHHAPARA","Seoni","MADHYA PRADESH","3400","24-Apr-2024","23-Apr-2029","7000962986","Active",""
"RESHU JAIN","MAHAVEER AGRO MARKETING","6774004","VILLAGE GUNDRAI MARETHI, POST PRATAPGARH, TAHSIL SILWANI,","Raisen","MADHYA PRADESH","4625","21-Aug-2023","20-Feb-2028","9981168274","Active",""
"RESHU JAIN","ADINATH AGRO SERVICES","6773915","NEAR KIRAR BHAVAN, BAMHORI ROAD, DEHGAON,","Raisen","MADHYA PRADESH","5336","21-Aug-2023","20-Feb-2028","9981168274","Active",""
"Revati Bai","Maa Keladevi Agri Logistic Corporation","7951666","Village - Bareh,, Tehsil - Ambah,","Morena","MADHYA PRADESH","2515","28-May-2020","27-May-2025","9174025453","Active",""
"Rewa Agrotech","Rewa Agrotech","6711188","Chorahata,","Rewa","MADHYA PRADESH","25000","24-Apr-2023","23-Jan-2028","8224003110","Active",""
"Rewa Agrotech","Rewa Agrotech Niwas","6710644","Village Mahuagaon,","Singrauli","MADHYA PRADESH","25000","19-Apr-2023","18-Jan-2028","8224003110","Active",""
"Rinshu Agrawal","Pragati Warehouse","6899280","Khasra No. 50/2/2,","Harda","MADHYA PRADESH","3957","30-Mar-2024","29-Mar-2029","9926341900","Active",""
"Ritu Jain","Vaishnavi Agro Complex","6918007","Village - Barwani,,","Hoshangabad","MADHYA PRADESH","7069","23-Apr-2024","22-Apr-2029","7024120580","Active",""
"Rohit Agrawal","MULTI COMMODITY WAREHOUSING AND LOGISTIC CORPORATION","6836019","PART OF SURVEY NO.218/1, 218/2, IN PRESENT SURVEY NO. 218/3, 218/4, 218/5 VILLAGE DHATURIYA, DHATURIYA HAVELI, VIDISHA 464001, MADHYA PRADESH,","Vidisha","MADHYA PRADESH","6131","12-Jan-2024","11-Jan-2029","9425432034","Active",""
"ROHIT AGRAWAL","Astha Warehouse","6781116","Bhitarwar Road Dabra,, Tehsil : Dabra, Dist : Gwalior","Gwalior","MADHYA PRADESH","5133","13-Sep-2023","12-Sep-2028","9425119583","Active",""
"ROHIT RAI","SHRI LAXMINATH AGRO SERVICES","6896138","BAGPIPARIYA, TEHSIL BARELI, DIST RAISEN, MP,","Raisen","MADHYA PRADESH","5000","29-Mar-2024","28-Mar-2029","8109207488","Active",""
"Ronit Agrawal","MAHARAJA WAREHOUSE","6843759","INFRONT OF RONIT WAREHOUSE, KHONP ROAD CHHATARPUR","Chhatarpur","MADHYA PRADESH","4842","24-Jan-2024","23-Jan-2029","7999482296","Active",""
"RoopNarayan Agencies Pvt. Ltd. - Tirupati Agro Complex","Tirupati Agri Complex","7870038","NH 59A, Timarni Harda Road","Harda","MADHYA PRADESH","10500","05-Apr-2024","04-Apr-2029","9826696164","Active",""
"Roshni Agrawal","ROSHANI STORAGE","6960751","Gram Binakai, patan road","Jabalpur","MADHYA PRADESH","4805","22-Jul-2024","21-Jan-2029","9407058932","Active",""
"Roshni Sahu","Siddhi Vinayak Agro Warehouse","6895775","VILLAGE -PANNARI (SHAHGANJ) , TEH- BUDHNI DIST.SEHORE,","Sehore","MADHYA PRADESH","4000","29-Mar-2024","28-Mar-2029","9893025984","Active",""
"Ruchi Choudhary","M/S NEEB AGRO","6855092","VILL- HAIDERGARH, TEHSIL- GYRASPUR, DISTT- VIDISHA","Vidisha","MADHYA PRADESH","10600","08-Feb-2024","07-Feb-2029","8269002730","Active",""
"Rupali Agrawal","Nandkishor Logistic Warehouse","6731616","Village : Bamhori Kalan,,","Hoshangabad","MADHYA PRADESH","2885","06-Jun-2023","05-Jun-2028","8109304341","Active",""
"Sadhna Agrawal","Sadhna Enterprises Warehouse","6959316","Village : Balgarh,,","Dewas","MADHYA PRADESH","10568","18-Jul-2024","17-Jul-2029","9826934433","Active",""
"Safal Agrotech Unit 1","Safal Agrotech","6943294","Khasra No. 125/1/2,","Hoshangabad","MADHYA PRADESH","5400","14-Jun-2024","13-Sep-2028","7999574775","Active",""
"Saikrupa Warehouse And Agro Services","Saikrupa Warehouse And Agro Services","6787410","Khasra No 502/2/3 Jetpura, Dewas Bhopal Road","Dewas","MADHYA PRADESH","4959","30-Sep-2023","29-Jun-2028","9752880362","Active",""
"Samfy Agro Private Limited","Samfy Agro Pvt. Ltd.","6888754","Khasra No. 33, 34, 35 & 36,","Satna","MADHYA PRADESH","5000","18-Mar-2024","17-Mar-2029","7000504583","Active",""
"Samiksha Kurmi","Future Agro","6900450","Vill- Gular, Tehsil- Khurai,","Sagar","MADHYA PRADESH","6200","30-Mar-2024","29-Mar-2029","6265082866","Active",""
"Samrathan Agro Warehousing","Samrathan Agro Warehousing","6857254","Village : Bhonkhedi Khurd,,","Hoshangabad","MADHYA PRADESH","5026","09-Feb-2024","08-Feb-2029","8815669388","Active",""
"Sandhya Agrawal","Maa Sharda Agro Warehouse","6776165","Village: Behadi,","Dewas","MADHYA PRADESH","2500","29-Aug-2023","28-Aug-2028","8461871968","Active",""
"Sandhya Tawri","SHREE BRIJBHUMI AGRO SERVICES","6880744","73/6/1/3, shobhapur road","Hoshangabad","MADHYA PRADESH","3131","08-Mar-2024","07-Sep-2028","8839134438","Active",""
"Sangeeta Agrawal","RIDDHI SIDDHI LOGISTICS","6773196","NH 59 A, Kolipura,","Harda","MADHYA PRADESH","5818","21-Aug-2023","20-Aug-2028","8962595341","Active",""
"Sangeeta Agrawal","AMRIT WAREHOUSE","6972004","NEAR KALI DEVI MANDIR, BESIDE DREAM LAND SCHOOL","Chhatarpur","MADHYA PRADESH","3131","28-Aug-2024","27-Aug-2029","9425304659","Active",""
"Sangeeta Agrawal","Shri Shiv Warehouse","6626311","Moja Kadohan (Ganj), RI Circle, Basari,","Chhatarpur","MADHYA PRADESH","4100","31-Aug-2022","30-Aug-2027","9425304659","Active",""
"Sangeeta Chhlotre","Premsudha Agri Logistics","6893259","Gram Panchayat Kukrawad,","Harda","MADHYA PRADESH","4200","26-Mar-2024","25-Sep-2025","9826555353","Active",""
"Sangeeta Chourey","Shiv Shakti Agro Collection Centre","6790653","Village: Panjara Kalan, Tehsil : Hoshangabad","Hoshangabad","MADHYA PRADESH","4379","11-Oct-2023","10-Oct-2028","8770539165","Active",""
"Sangeeta Singh","Anand Warehouse And Agro Services","6899736","Vill Kubari, Teh Ramnagar","Satna","MADHYA PRADESH","5652","30-Mar-2024","29-Mar-2029","9425171002","Active",""
"Sanjay Agrawal","MM warehouse","6743678","Village Behadi,,","Dewas","MADHYA PRADESH","6356","23-Jun-2023","22-Jun-2028","8461871968","Active",""
"Sanket Khandelwal","Khandelwal Agro Products","6671317","Village : Undasa,, Tehsil: Ujjain,","Ujjain","MADHYA PRADESH","3150","10-Jan-2023","09-Oct-2027","9329477700","Active",""
"Sanskar Agro Park","Sanskaar Agro Park","6898381","Itarsi Seoni Malwa Road, Village Khutwasa,","Hoshangabad","MADHYA PRADESH","4900","30-Mar-2024","29-Sep-2028","7999574775","Active",""
"Santosh Agrawal","Baba Warehouse","6847263","Village : Ladkui,,","Sehore","MADHYA PRADESH","3262","30-Jan-2024","29-Jan-2029","9425463605","Active",""
"Sarita Singh","Maa Yashoda Agro","6897300","Post Shahpura,","Jabalpur","MADHYA PRADESH","2600","29-Mar-2024","28-Mar-2029","7000533382","Active",""
"Sarla Garg","K S Agro Warehouse","6559629","Setwari, Chaina Gaon, Joura Road,, Amilheda","Morena","MADHYA PRADESH","10000","24-Feb-2022","23-Feb-2027","9300635353","Active",""
"Saroj Agrawal","Mata Basaiya Infra Agro","6885784","Village Hingonakhurd,","Morena","MADHYA PRADESH","13000","15-Mar-2024","14-Mar-2029","9893048330","Active",""
"Saroj Agrawal","Vinayak Warehouse","6777783","Village: Ladkui,","Sehore","MADHYA PRADESH","4112","31-Aug-2023","30-May-2028","9977231931","Active",""
"Saroj Mishra","Shree Saraswati Agro Warehouse","6896583","Kh No 1985/3, P H No 39/66,, Mouza Gourha Bhitoni","Jabalpur","MADHYA PRADESH","6547","29-Mar-2024","28-Mar-2029","7389600424","Active",""
"Satyagrah Deriya","Satyagrah Deriya Agro Services","6976237","Sirwad Road,","Hoshangabad","MADHYA PRADESH","1801","06-Sep-2024","05-Mar-2029","9425687177","Active",""
"Savita Agrawal","Shri Agrawal Logistics","6724777","Malka khedi (Shivpur),","Hoshangabad","MADHYA PRADESH","4461","29-May-2023","28-May-2028","9893227032","Active",""
"Seema Rathi","Shri Rathi Agro Warehousing","6758072","NH 45 Main Road Gram Chikali,","Raisen","MADHYA PRADESH","3267","17-Jul-2023","16-Jul-2028","9755706484","Active",""
"SEEMA SINGH","MAA GOURI AGRO INDUSTRIES WAREHOUSE","6964894","Govindgarh Road Bela Tiraha, Huzur Tehsil, Rewa district","Rewa","MADHYA PRADESH","8000","01-Aug-2024","31-Jul-2029","9425183298","Active",""
"seetaram rai","LN AGRO LOGITICS","6889380","KN 537/1/2, VILLAGE : BAGPIPARIYA, TEHSIL : BARE;I, DIST : RAISEN, MP,","Raisen","MADHYA PRADESH","5040","19-Mar-2024","18-Mar-2029","8109207488","Active",""
"Shailendra Agrawal","Mangal Cold Storage","6545131","Village Bhadora, A B Road","Guna","MADHYA PRADESH","7700","07-Dec-2021","06-Dec-2026","9425748854","Active",""
"Shankar Agrawal","M/S: SHRI KISAN WAREHOUSE","6966063","BIJAWER TIRAHA GULGANJ, SAGAR ROAD GULGANJ,,","Chhatarpur","MADHYA PRADESH","1403","08-Aug-2024","07-Aug-2029","9827821519","Active",""
"Shanti Khandelwal","Kisan Agro Warehouse","6939516","Village Gopalpur, Tehsil Nasrullaganj, District Sehore","Sehore","MADHYA PRADESH","3865","09-Jun-2024","08-Jun-2029","9590586560","Active",""
"SHARADA PATEL","VISHAL AGRO WAREHOUSING","6859326","VILLAGE RANI PIPARIYA,","Hoshangabad","MADHYA PRADESH","5659","14-Feb-2024","13-Feb-2029","9425475401","Active",""
"Sharda Agrawal","Shri Rani Sati Agro Services","6889208","Khasra No. 357/4/2, Semri Harchan,","Hoshangabad","MADHYA PRADESH","1700","19-Mar-2024","18-Sep-2028","9425623275","Active",""
"Sharda Agrawal","Kunj Shree Warehousing Corporation","6890198","Khasra No. 357/4/2,","Hoshangabad","MADHYA PRADESH","3676","21-Mar-2024","20-Sep-2028","9425623275","Active",""
"SHASHI SINGH","M/s SHRI GURU AGRI INFRA","6860134","KH NO 302/1/1/4 VILL- MADHIYA GUSAI, TEHSIL- BEGAMGANJ","Raisen","MADHYA PRADESH","5114","14-Feb-2024","13-Feb-2029","7828385401","Active",""
"Sheetal Agrawal","R C Warehouse","6887137","Survey No. 46/10, P C No. 01, Settlement No. 319","Harda","MADHYA PRADESH","4500","18-Mar-2024","17-Dec-2028","8770966415","Active",""
"SHIKHA Agrawal","PAWAN PUTRA WAREHOUSE","6808117","MAIN SEHORE ROAD BEEJLA, NEAR HANUMAN MANDIR","Sehore","MADHYA PRADESH","4874","30-Nov-2023","29-Nov-2028","9669455553","Active",""
"Shikha Garg","Vanshikha Agro Warehousing","6560791","village Bhavkhedi Tehsil Icchawar,","Sehore","MADHYA PRADESH","10000","07-Mar-2022","06-Mar-2027","7869936363","Active",""
"Shikha Sinhal","Ravi Agro Park","6798037","Pokharni Kartana Road,","Harda","MADHYA PRADESH","5680","31-Oct-2023","30-Oct-2028","9977411004","Active",""
"SHIV THAKUR","KOMSHANTI WAREHOUSE","6749881","VILLAGE JHAGRA, TEHSIL KEOLARI","Seoni","MADHYA PRADESH","5500","30-Jun-2023","29-Jun-2028","8827212550","Active",""
"Shivali Agrawal","Maa Siddheshwari Warehouse","6991715","Village- Akabibadi, Teh- Dabra Dist. Gwalior,","Gwalior","MADHYA PRADESH","5086","01-Nov-2024","31-Oct-2029","9981299047","Active",""
"Shivank Mishra","SHREE KESHAV AGRO WAREHOUSE","6862650","KHASRA NO. 1985/1, PATWARI HLKA NO. 71","Jabalpur","MADHYA PRADESH","3257","15-Feb-2024","14-Feb-2029","7389600424","Active",""
"Shivanya Warehouse and Agro Services","Shivanya Warehouse and Agro Services","6833677","Khasra No. 230, Village Jhinna,","Katni","MADHYA PRADESH","5000","09-Jan-2024","08-Jul-2028","9425153986","Active",""
"SHOAB ANSARI","ANMOL AGRO SERVICES","6789127","DUNGARIYA, SEONI MANDLA ROAD","Seoni","MADHYA PRADESH","14900","06-Oct-2023","05-Oct-2028","9977221771","Active",""
"Shraddha Agrawal","Hridansh Warehouse","6839880","Near Navoday School Tiraha Mau,","Shahdol","MADHYA PRADESH","4446","18-Jan-2024","17-Jan-2029","7000652202","Active",""
"SHRADDHA GUPTA","ARNAVI AGROFIN & INFRA SERVICES","6714695","RANI SATI CAMPUS, VILLAGE SHANKARPUR , PICHHORE ( DABRA ), pichore","Gwalior","MADHYA PRADESH","5616","03-May-2023","02-May-2028","8962349656","Active",""
"SHREE AGRASEN WAREHOUSE","SHREE AGRASEN WAREHOUSE","6954275","KH NO. 155/1/6, Jhirmata , Sohagpur","Hoshangabad","MADHYA PRADESH","5100","03-Jul-2024","02-Jul-2029","9425475637","Active",""
"Shree Shubham Logistics Limited","Shree Shubham Logistics Limited","1010503","Khasra No. 503/3/3, 503/3/1, 503/4, 503/3/2, 503/3/4, 505/1 & 507, Agra Road, Village - Jaithal, Tehsil & Taluka - Ghattiya","Ujjain","MADHYA PRADESH","26400","05-Sep-2022","13-Sep-2027","8234009262","Active",""
"Shri Hari Agro Warehouse","M/s Shri Hari Agro Warehouse","6779136","Village: Barwaikheda,","Dewas","MADHYA PRADESH","5000","12-Sep-2023","11-Sep-2028","9074255590","Active",""
"Shri Radhey Agro Infrastructure Service","Shree Radhey Agro Infrastructure Services","6110028","NH 59A, Timarni Road, Village UDA","Harda","MADHYA PRADESH","5704","14-Feb-2024","13-Nov-2028","9425042006","Active",""
"Shri Rameshwar Agarwal","Agrawal Warehousing Corporation","6875611","Village – Silari, Taluka – Pipariya, District – Hoshangabad, Madhya Pradesh,","Hoshangabad","MADHYA PRADESH","4450","29-Feb-2024","28-May-2027","9425475515","Active",""
"Shri Swami Ji Agro Marketing","Shri Swami ji Agro Marketing","6928261","maheshwar,","Raisen","MADHYA PRADESH","3236","10-May-2024","09-May-2029","9977850051","Active",""
"Shridham Warehouse (A Unit of Agrawal Steel Traders)","Shridham Warehouse","6665103","Plot No. E - 2, Phase 2, Vardhman Square, Mandi Deep Industrial Area","Raisen","MADHYA PRADESH","4500","23-Dec-2022","22-Jun-2027","9424435952","Active",""
"SHRIKRISHANA AGRO AND WAREHOUSE","SHRIKRISHANA AGRO AND WAREHOUSE","6848709","KH 172/2/2,173/3/2 VILLGAE BORKHEDAKALAN, TEHSIL NASRULLAGANJ","Sehore","MADHYA PRADESH","5625","31-Jan-2024","30-Jan-2029","8770078942","Active",""
"Shriniwas Warehouse and Agro Services","Shriniwas Warehouse and Agro Services","7651668","Rithi Road,","Katni","MADHYA PRADESH","5422","22-Apr-2020","21-Apr-2025","9755012552","Active",""
"Shweta Bhatter","Samriddhi Agro Marketing","6771661","SH19, Bareli road, Village Khaparkheda, Tehsil - pipariya, Dist- Hoshangabad,","Hoshangabad","MADHYA PRADESH","5765","10-Aug-2023","09-Aug-2028","9301047809","Active",""
"Shyam Bagri","Ma Sharda Enterprises","6823595","Village Khaira,","Satna","MADHYA PRADESH","4594","22-Dec-2023","21-Dec-2028","9424655902","Active",""
"Shyam Maloo","Maloo Agriculture Infrastructure","6742506","Village : Loharda,, Tehsil : Satwas,","Dewas","MADHYA PRADESH","4837","23-Jun-2023","22-Jun-2028","8989607386","Active",""
"Shyama Dubey","Tejasv Agro Warehouse","6731434","Village Budhwada,","Hoshangabad","MADHYA PRADESH","5101","06-Jun-2023","05-Jun-2028","9893738974","Active",""
"Shyambabu Agrawal","Jayanti Warehousing Corporation","6909907","Khasra No. 357/7, Semri Harchand,","Hoshangabad","MADHYA PRADESH","1450","10-Apr-2024","09-Apr-2029","9425623275","Active",""
"Skyline Agro Private Limited","Sky Line Agro Pvt Ltd","6890917","Gram Amanala, Dindori Road","Mandla","MADHYA PRADESH","5661","23-Mar-2024","22-Mar-2029","9425155084","Active",""
"Skyline Agro Private Limited","SKY LINE AGRO PVT LTD","6971642","GRAM GORTARA, JAMTA, SINGHPUR ROAD","Shahdol","MADHYA PRADESH","19655","27-Aug-2024","26-Feb-2029","9425155084","Active",""
"Smita Jindal","Manik Agro Warehousing","6911523","On NH 45 (Old NH 12),","Raisen","MADHYA PRADESH","5798","11-Apr-2024","10-Jan-2029","8989120033","Active",""
"Smita Jindal","Manik Agro Infrastructure","6895957","On NH45 (Old NH12),","Raisen","MADHYA PRADESH","5420","29-Mar-2024","28-Mar-2029","8989120033","Active",""
"Smt Manisha MALVIYA","SHAKTI AGRO SERVICES","6710735","VILLAGE BODI,SOHAGPUR, DIST NARMADAPURAM,461771,MP","Hoshangabad","MADHYA PRADESH","5629","19-Apr-2023","18-Apr-2028","8770408131","Active",""
"Smt Saroj Malviya","SARVSHAKTI AGRO SERVICES","6719017","vILLAGE BODI,SOGAGPUR,DIST HOSHANGABAD, MP,461771","Hoshangabad","MADHYA PRADESH","5627","24-May-2023","23-May-2028","7987065453","Active",""
"Smt. Asha Khandelwal","Gm Agro","1009042","Tehsil - Narsullaganj,","Sehore","MADHYA PRADESH","7091","21-Nov-2019","05-Feb-2025","9926277777","Active",""
"Smt. Manorama Agrawal","Chandresh Warehouse","1008564","Deharda Road,","Ashoknagar","MADHYA PRADESH","2382","28-Oct-2019","14-Feb-2025","9407137243","Active",""
"Smt. Shakuntla Agrawal","Agrawal Agro Warehouse","6815765","Village – Silari, Taluka – Pipariya, District – Hoshangabad, Madhya Pradesh,","Hoshangabad","MADHYA PRADESH","2811","13-Dec-2023","12-Jun-2027","9425475515","Active",""
"Snehlata Sugandhi","M/s Sneh Agritech","6745020","S.No-322/1/1/2,,","West Nimar","MADHYA PRADESH","3015","24-Jun-2023","23-Jun-2028","9425333368","Active",""
"Somil Agrawal","Riddhi Siddhi Warehouse","6574297","NH 59, Near Soyabean Plant","Harda","MADHYA PRADESH","5700","10-May-2022","09-May-2027","8962595341","Active",""
"Sonalee Raghuwanshi","Jay Durge Agro Park","6697593","Village : Kans Khedi,, Tehsil : Seoni Malwa,","Hoshangabad","MADHYA PRADESH","5098","21-Mar-2023","20-Mar-2028","8269655555","Active",""
"SUDHA DEVI","M/s Sudha Agro & Logistics","6986582","Khasra No.- 6/3, 6/5, 6/10, PH No.07,","Sehore","MADHYA PRADESH","4900","14-Oct-2024","13-Oct-2029","6264060616","Active",""
"Suman Rai","Kahna Agro Marketing","6736292","Village Hathwas Shobhapur Road PO and Tehsil Pipariya,","Hoshangabad","MADHYA PRADESH","9555","14-Jun-2023","13-Dec-2027","7225852333","Inactive","EXPIRED/INSUFFICIENT INSURANCE"
"Sundari Patel","Bardha Agro","6731707","Khasra No. 154/1/1, Vill. Bardha, Teh. Silwani, Dist Raisen","Raisen","MADHYA PRADESH","5000","06-Jun-2023","05-Jun-2028","9893941085","Active",""
"Suneel Sharma","Maa Laxmi Agro Forming","6894877","Village Benikheda,","Jabalpur","MADHYA PRADESH","3937","27-Mar-2024","26-Mar-2029","7999577434","Active",""
"Sunita Agrawal","Param Warehouse Unit 03","6791016","Khasra No. 413/1/2 and 413/1/1/2,","Hoshangabad","MADHYA PRADESH","3879","12-Oct-2023","11-Oct-2028","9977091715","Active",""
"sunita rai","SHRI LAXMINATH AGRO INFRASTRUCTURE","6898290","VILLAGE BADI KHURD, TEHSIL : BADI, DIST : RAISEN, MP,","Raisen","MADHYA PRADESH","5000","30-Mar-2024","29-Dec-2028","8109207488","Active",""
"SUNITA SHUKLA","VINDHYA AGRO MARKETING CORPORATION","6916027","01 RAIPUR KARCHULIYAN, JOGINHAI","Rewa","MADHYA PRADESH","5000","19-Apr-2024","18-Apr-2029","9424621135","Active",""
"Suryansh Agro Infrastructure","Suryansh Agro Infrastructure","6973986","Village : Kosmi,","Sehore","MADHYA PRADESH","5000","31-Aug-2024","30-Aug-2029","8839443480","Active",""
"Sushila Dhoot","Shree Ganga Agro And Warehouse","8011659","Survey No. 628/2/2, Indore Road Near Poal Factory","Dewas","MADHYA PRADESH","5000","02-Jun-2020","01-Dec-2024","9826877709","Active",""
"Sushila Dubey","SS Agro Park","6822241","Gram Matama Tehsil Chhapara,","Seoni","MADHYA PRADESH","5670","21-Dec-2023","20-Dec-2028","8770638344","Active",""
"Sushma Yadav","Shri Krishna Agro Park","6727028","Village- Bhiladiya Khurd,","Hoshangabad","MADHYA PRADESH","5030","01-Jun-2023","31-May-2028","8602195693","Active",""
"Tara Agro Park","Tara Agro Park","7470012","Village Pokharni,","Harda","MADHYA PRADESH","6504","15-Feb-2024","18-Feb-2029","9826715556","Active",""
"TRIPTI AGRAWAL","AGRAWAL WAREHOUSES","6759963","157 NAVADA, TEHSIL MHOW","Indore","MADHYA PRADESH","3455","20-Jul-2023","19-Jul-2028","9893273070","Active",""
"Uma Agrawal","Jai Ambey Warehouse","6615512","NH 07 Road,","Seoni","MADHYA PRADESH","3000","15-Aug-2022","14-Aug-2027","7771992499","Active",""
"Uma Agrawal","Maa Parwati Warehouse","6631089","Village Matama,","Seoni","MADHYA PRADESH","5000","19-Sep-2022","18-Sep-2027","7771992499","Active",""
"URMILA RAJPUT","Rajput Agri Infra Warehouse","6724686","Village Guradiyakalan,","Hoshangabad","MADHYA PRADESH","3662","29-May-2023","28-May-2028","9893846812","Active",""
"Usha Agrawal","KISAN WARE HOUSE","6935019","Kh No 177/2,, KHAIRA","Satna","MADHYA PRADESH","5200","30-May-2024","29-Nov-2028","9926581971","Active",""
"Usha Gupta","Agrasen Warehousing Corporation","6698856","NH - 69, Near Kali Mandir, Kesla,","Hoshangabad","MADHYA PRADESH","3869","23-Mar-2023","22-Mar-2028","7898485028","Active",""
"Uttam Agrawal","Shri Geetaji Warehouse & Grading","6752943","Ward No-4 Tirmani,","Harda","MADHYA PRADESH","5817","07-Jul-2023","06-Jan-2028","9926406700","Active",""
"Vandana Agrawal","G P Warehouse","6673206","Rehli,","Narsimhapur","MADHYA PRADESH","4000","16-Jan-2023","15-Jan-2028","8319503425","Active",""
"VARSHA AGRAWAL","Shreenath Warehouse","6734586","Village : Pankhedi,,","Shajapur","MADHYA PRADESH","5000","12-Jun-2023","11-Dec-2027","7000184067","Active",""
"VEENA KUMARI","Maa Vidya Agro","6937171","Kh no. 300/1/2, Gram Gourha Bhitoni, Hardua Main Road","Jabalpur","MADHYA PRADESH","4989","31-May-2024","30-Nov-2028","9811267215","Active",""
"Vijay Agrawal","Agrawal Warehouse","6835656","Kanpur Rewa Bypass Road,, Near Bagrajan Mata Mandir, Chhatarpur","Chhatarpur","MADHYA PRADESH","3322","12-Jan-2024","11-Jan-2029","9644405003","Active",""
"Vijay Agrawal","Shree warehouse","6865802","near majhgawan pathak,","Katni","MADHYA PRADESH","3750","20-Feb-2024","19-May-2028","8890282345","Active",""
"Vijay Mehta","mehta agro services","6835920","mhow neemuch road daluada,","Mandsaur","MADHYA PRADESH","6100","12-Jan-2024","11-Oct-2028","9425327161","Active",""
"Vijay Raj Chouhan","Shree Asha Agro Services","6670772","Village: Gorakhpur, Tehsil: Nasrullaganj","Sehore","MADHYA PRADESH","4600","06-Jan-2023","05-Jan-2028","9826065604","Active",""
"Vijaypal Rajput","Shri Gurukripa Agro Warehousing","6846182","Gurariya Road, village Kotpar Ganesh","Raisen","MADHYA PRADESH","4612","25-Jan-2024","24-Jan-2029","8989439699","Active",""
"Vijyason Agro Logistics","Vijaysan Agro Logistics","6749071","Khasra No. 403/1-2,","Hoshangabad","MADHYA PRADESH","10000","30-Jun-2023","29-Jun-2028","8827788668","Active",""
"Vinay Bakliwal","Bakliwal Agriculture Markting","6914048","Village : Nayapura,, Tehsil : Khategaon,","Dewas","MADHYA PRADESH","2372","15-Apr-2024","14-Apr-2029","9827034477","Active",""
"Vinay Jain","M/s Vidit Agro Park","6726392","KH NO-2323/2 Mouza Gourha Bhittoni,","Jabalpur","MADHYA PRADESH","3752","31-May-2023","30-May-2028","9425158008","Active",""
"Vranda Agrawal","Vijaylaxmi Logistic Warehouse","6802987","Shobapur,","Hoshangabad","MADHYA PRADESH","3270","14-Nov-2023","13-Nov-2028","9425766666","Active",""
"YASH RAI","LN AGRO INFRASTRUCTURE","6878227","Bagpipariya, Bareli, Dist Raisen,","Raisen","MADHYA PRADESH","5000","08-Mar-2024","07-Mar-2029","8109207488","Active",""