"WHM Name","WH Name","WH ID","Address","District","State","Capacity(in MT)","Registration Date","Registration Valid Upto","Contact No.","Status","Remarks"
"A S Enterprises","A S Enterprises","6541627","Murba No. 48, 12 O Padampur Road, Srikaranpur city","Ganganagar","RAJASTHAN","8275","17-Nov-2021","16-Nov-2026","9414365974","Active",""
"AAINA ART & CRAFT","AAINA ART & CRAFT","6784086","KH. NO. 67/3, 68/2, 68/3, 69, 70/2,, GRAM NANDWAN, TEHSIL LUNI","Jodhpur","RAJASTHAN","5928","22-Sep-2023","21-Mar-2025","9414100753","Active",""
"Abhas Hissaria","Shri Annapurna Warehouse","6740070","Chak 13HMH Hanumangarh Town,","Hanumangarh","RAJASTHAN","7000","19-Jun-2023","18-Jun-2028","7028459732","Active",""
"Abhinandan Agro Warehouse","Abhinandan Agro Warehouse","6699664","Killa No. 19, 20, 21/1 & 22/1 Sq. No. 14, Chak Patikhiya 1st, Patwar Halka Bakhtawali (19 ML) Village Netewala","Ganganagar","RAJASTHAN","7655","27-Mar-2023","26-Sep-2027","9680990606","Active",""
"ABP AGRIWAREHOUSING COMPANY","ABP AGRIWAREHOUSING COMPANY","6533616","Chack 7 HMH Near Nandram Ki Dhani, Tibbi Road, Hanumangarh Town,","Hanumangarh","RAJASTHAN","9000","20-Sep-2021","19-Sep-2026","9414332625","Active",""
"ACHALA MUTHA","PUSHPRAJ MUTHA AGRI WAREHOUSE","6968226","K.N. 102-103-104,JAJIWAL BARHMANA, NEAR AHGANWA KRISHI MANDI","Jodhpur","RAJASTHAN","9200","19-Aug-2024","18-Aug-2029","7014328464","Active",""
"AGGARWAL FOODS","AGGARWAL FOODS","6533251","17 PBN Ahamadpura Pilibanga,","Hanumangarh","RAJASTHAN","10000","20-Sep-2021","19-Sep-2026","7617300000","Active",""
"ALPNA GUPTA","Manoj Kumar and Sons","6546121","Kila No. 1 to 4 , SQ No. 42 Chak 17 ML, Agra Food Park Road, Udyog Vihar","Ganganagar","RAJASTHAN","7000","16-Dec-2021","15-Dec-2026","8107560009","Active",""
"Amar Singh","Saharan Warehouse","6647820","Stone No. 41/275, Killa No. 16 to 20 Chak 5 DBN, Teshil Suratgarh","Ganganagar","RAJASTHAN","6284","31-Oct-2022","30-Apr-2027","9983838677","Active",""
"Amara Gehlot","M/s Prameshwar Warehouse","6663660","Khasra No. 889/1, By Pass Road, Village Mathania, Tehsil Tinwari,","Jodhpur","RAJASTHAN","3380","19-Dec-2022","18-Dec-2027","9928783875","Active",""
"anand kanwar","Shiv Agro Industries","6679682","plot no 83-84, RIICO Ind. Area, Mathania","Jodhpur","RAJASTHAN","2850","22-Jul-2024","01-Aug-2029","7742256939","Inactive","EXPIRED INSURANCE"
"ANANT AGARWAL","ANANT AGRI STORAGE","6744395","KHASRA NO 503/282, BEHIND RIICO INDUSTRIES AREA, VILLAGE GOGELAW","Nagaur","RAJASTHAN","4497","24-Jun-2023","23-Jun-2028","7230007118","Active",""
"ANANT AGARWAL","ANANT AGRI STORAGE","6668883","KHASRA NO 503/282, BEHIND RIICO INDUSTRIES AREA, VILLAGE GOGELAW","Nagaur","RAJASTHAN","5031","30-Dec-2022","29-Dec-2027","7230007118","Active",""
"Anaro Devi","Pradeep Agro Warehouse","6677975","Kharsa No. 2208, 2209, 2211, 2212, Mathura Road","Bharatpur","RAJASTHAN","5995","27-Jan-2023","26-Jan-2028","9414023492","Active",""
"ANIL PANWAR","WHITE SAFFRON ENTEPRISES","6869762","NAVKAR WAREHOUSE, KHASRA NO- 224, 225/4, 205/4, NH-15, SHRI GANGANAGAR ROAD, KHARA-BIKANER","Bikaner","RAJASTHAN","4454","22-Feb-2024","21-Feb-2029","8005647237","Active",""
"Anju Anju","Aggarwal Agro Warehouse","6938344","AT-K-No-86/86 P.No 113/3,Chak 31 DWD K.No 21 TA 23 P.NP.113/4,Killa No 3,","Hanumangarh","RAJASTHAN","7000","05-Jun-2024","04-Jun-2029","9950540783","Active",""
"Annpurna Warehousing","Annpurna Warehousing","6759690","Opp. Ganesh Mandir, Suratgarh Road, NH-62, Village 2 HH II, Netewala","Ganganagar","RAJASTHAN","11000","19-Jul-2023","18-Jul-2028","9414432538","Active",""
"ARVIND AGARWAL","ANANT WAREHOUSE","6701551","ANANT WAREHOUSE, KHASRA NO 503/282, BEHIND RIICO INDUSTRIES AREA, VILLAGE GOGELAW","Nagaur","RAJASTHAN","4275","28-Mar-2023","27-Mar-2028","9414118248","Active",""
"ARVIND AGARWAL","ANANT WAREHOUSE","6703268","ANANT WAREHOUSE, KHASRA NO 503/282, BEHIND RIICO INDUSTRIES AREA, VILLAGE GOGELAW","Nagaur","RAJASTHAN","4275","31-Mar-2023","30-Mar-2028","9414118248","Active",""
"ARVIND MEENA","ARVIND KUMAR MEENA","6904239","Khasra No.- 2001/1558, Village - Bijauli, Talabsahi,","Dhaulpur","RAJASTHAN","6720","02-Apr-2024","01-Apr-2029","9799525525","Active",""
"ASHA FOOD AND COTTON INDUSTRIES","Asha Food and Cotton Industries","4471699","A-22 (A) Phase-1, RIICO Industries Area, Behror","Alwar","RAJASTHAN","2000","08-Apr-2021","07-Oct-2025","9314555551","Active",""
"Ashok Sankhla","Heera lal Ashok kumar","6973531","Village Khara, Khasra No. 1016/227","Bikaner","RAJASTHAN","7486","29-Aug-2024","28-Aug-2029","9414142679","Active",""
"Asian Warehousing LTD","Asian Warehousing Ltd","6813331","Kota -Jaipur Road,NH-52, Near Railway Over Bridge Devpura","Bundi","RAJASTHAN","10000","12-Dec-2023","11-Dec-2028","8949641244","Active",""
"Babu Lal","Shri Balaji Warehouse","6676803","Khasra No. 26/2 & 26/4, Village Eka Bhatiyan, Tehsil Phalodi,","Jodhpur","RAJASTHAN","5645","24-Jan-2023","23-Jan-2028","9460105929","Active",""
"BADRILAL PATIDAR","Shree Ram Warehouse","6702633","Village-Post, Sidhpura, Pratapgarh","Pratapgarh","RAJASTHAN","3130","31-Mar-2023","30-Mar-2028","9950760085","Active",""
"BAGDA RAM","M/s Shree Vinayak Warehouse","6664742","Khasra No. 912/881,914/905 (881/15 & 881/16 (Old)), Bypass Road, Village Mathaniya,","Jodhpur","RAJASTHAN","2334","22-Dec-2022","21-Dec-2027","9928604594","Inactive","EXPIRED/INSUFFICIENT INSURANCE"
"Baraju Devi","M/s Maa Ashapura Warehouse","6663306","Khasra No. 881/11 & 881/13, Village Mathania, Tehsil Tinwari,","Jodhpur","RAJASTHAN","3068","15-Dec-2022","14-Dec-2027","9929720812","Inactive","EXPIRED/INSUFFICIENT INSURANCE"
"Barkha Ceramics Company Private Limited","PWS Warehouse","6770226","Bagar Ratan Sahar Station Road,","Jhunjhunun","RAJASTHAN","10000","09-Aug-2023","08-Feb-2028","9983957860","Active",""
"Barkha Ceramics Company Private Limited","Barkha Ceramics Company Private Limited","6291649","Godown Jaipur Bikaner NH 11, KM Stone 36 Village Seruna the Sridungagarh","Bikaner","RAJASTHAN","7000","30-Jul-2021","29-Jul-2026","9983957860","Active",""
"Bhagwati Devi","Raj Warehousing","6532444","Chak 1 GB (A) Sarupsar Road Jaitsar,","Ganganagar","RAJASTHAN","6665","13-Sep-2021","12-Sep-2026","9587559000","Active",""
"Bhairu Gunjal","Bhomia warehouse","6972186","Khasra No. 323/2928, 329, 329/3307 Village Daurai, Beawar Road","Ajmer","RAJASTHAN","8000","28-Aug-2024","27-Feb-2029","9314394625","Active",""
"Bharti Bharti","Kalwa Warehouse","6784987","Khata No-384/335 ,Khasra No-1071/240, Sardarsahar Road At Village & Patwar","Hanumangarh","RAJASTHAN","8200","25-Sep-2023","24-Jun-2028","7728922682","Active",""
"Bhoma Choudhary","Kissan Warehouse","6954002","Khasra No. 34 & 35, Village Bhainser Kotwali, Tehsil Tinwari","Jodhpur","RAJASTHAN","6673","02-Jul-2024","01-Jul-2029","9928364622","Active",""
"bindu bkn","NIKHIL AGRO SERVICES","6804967","KHARA IND AREA BIKANER, BIKANER","Bikaner","RAJASTHAN","8432","21-Nov-2023","20-Nov-2028","8005647237","Inactive","EXPIRED/INSUFFICIENT INSURANCE"
"bindu bkn","singhania agro warehouse","6679773","17km milestone, sriganganagar road,bikaner","Bikaner","RAJASTHAN","3602","03-Feb-2023","02-Feb-2028","8005647237","Inactive","EXPIRED/INSUFFICIENT INSURANCE"
"C R PRIME FOODS INTERNATIONAL PVT LTD","Nokha Cold Store Private Limited","8251642","E-5 (A), RIICO Industrial Area, Nokha,","Bikaner","RAJASTHAN","5430","23-Jun-2020","22-Jun-2025","7230046121","Active",""
"Central Warehousing Corporation","CW KOTA-II","6931059","ROAD NO-1, IPIA, NEAR DAKANIYA RAILWAY STATION","Kota","RAJASTHAN","45000","16-May-2024","15-May-2029","9713743244","Active",""
"Central Warehousing Corporation","CW CHOMU","4311640","CW, Via Udaipuriya,P.O.Bhopawas, Th. Chomu, Distt. Jaipur,","Jaipur","RAJASTHAN","63876","09-Oct-2024","14-Dec-2029","9023769624","Active",""
"Central Warehousing Corporation","CENTRAL WAREHOUSE CHAKSU","6716047","Godown No 2, Warehouse at 1,, Nimodiya, Chaksu, Jaipur","Jaipur","RAJASTHAN","6295","12-May-2023","11-May-2028","9023769624","Active",""
"Central Warehousing Corporation","Central Warehousing Corporation, Jhunjhunu","1000538","Plot no. SP-287, RIICO Industrial Area, Phase -II,","Jhunjhunun","RAJASTHAN","22454","01-Sep-2023","05-Sep-2028","8559890885","Active",""
"Central Warehousing Corporation","CENTRAL WAREHOUSE NAGAUR","3711641","CW, Near All India Radio, Basani Road Nagaur,","Nagaur","RAJASTHAN","9868","19-Mar-2021","18-Mar-2026","9694203912","Active",""
"Central Warehousing Corporation","CW UDAIPUR","4711655","CW, opp. FCI Depot., Udaysagar road, Udaipur,","Udaipur","RAJASTHAN","8450","23-Dec-2019","22-Dec-2024","9079377924","Active",""
"Central Warehousing Corporation","Central Warehousing Corporation - Bikaner - I","1000421","Behind Sabji Mandi Pugal Road,","Bikaner","RAJASTHAN","24840","10-Aug-2023","25-Sep-2028","9672286376","Active",""
"Central Warehousing Corporation","Central Warehousing Corporation, Sikar","1000215","Sikar,","Sikar","RAJASTHAN","17000","10-Aug-2023","09-Aug-2028","9729834524","Active",""
"Central Warehousing Corporation","Central Warehousing Corporation - Deoli","1000439","SPL - 4, RIICO Industrial Area,,","Tonk","RAJASTHAN","19010","01-Sep-2023","05-Sep-2028","8696618648","Active",""
"Central Warehousing Corporation","Central Warehousing Corporation, Shrimadhopur","1000207","Sikar,","Sikar","RAJASTHAN","20580","10-Aug-2023","18-Aug-2028","9414869347","Active",""
"Central Warehousing Corporation","CW KOTPUTLI","4611652","CW, Near cement factory, vill. Ramsinghpuragopalpura road, Kotputli, Distt. Jaipur,","Jaipur","RAJASTHAN","10000","18-Dec-2019","17-Dec-2024","9413555558","Active",""
"Central Warehousing Corporation","CW PARBATSAR","8551655","Warehouse Manager, Central Warehouse, ARDC godown,Near old railway station, Parbatsar, Distt. Nagaur,","Nagaur","RAJASTHAN","28093","23-Jul-2020","22-Jul-2025","7003787326","Inactive","EFFECTIVE CONTROL EXPIRED"
"Central Warehousing Corporation","CENTRAL WAREHOUSE-I SRIGANGANAGAR","6937536","KARNI MARG, NEAR POWER HOUSE","Ganganagar","RAJASTHAN","26945","03-Jun-2024","02-Jun-2029","8094700013","Active",""
"Central Warehousing Corporation","CW HANUMANGARH-II","6928626","Plot no. SPL-1 to 4, RIICO Industrial Area, Phase-II","Hanumangarh","RAJASTHAN","47840","15-May-2024","14-May-2029","9414502648","Active",""
"Central Warehousing Corporation","Central Warehousing Corporation, Bikaner - II","1000413","Opposite Engineering Collage Karni Industrial Area, Phase - II,,","Bikaner","RAJASTHAN","33640","29-Aug-2023","16-Dec-2027","9041858729","Active",""
"Central Warehousing Corporation","CW KOTA-I","6958508","DCM Road Near Aerodrum Circle, Opp. RTO","Kota","RAJASTHAN","8770","12-Jul-2024","11-Jul-2029","9413182085","Active",""
"Central Warehousing Corporation","CW KOTAIII","5751671","CW, P.N.SP.-1,KuberIndus.Area, Ranpur, Kota-III,","Kota","RAJASTHAN","35000","24-Jan-2020","23-Jan-2025","9636717778","Active",""
"Central Warehousing Corporation","CENTRAL WAREHOUSE, SADULPUR","6713523","Khasra No. 15, Village Ludi Kumba,Gulpura, Tehsil Rajgarh, District Churu(Raj.)","Churu","RAJASTHAN","16940","01-May-2023","30-Apr-2028","9829446118","Inactive","EFFECTIVE CONTROL EXPIRED"
"Central Warehousing Corporation","CW SRIGANGANAGAR-II","6944193","UDYOG VIHAR, PLOT NO E-194 TO 202, SRIGANGANAGAR,","Ganganagar","RAJASTHAN","33000","14-Jun-2024","13-Jun-2029","8094700013","Active",""
"Central Warehousing Corporation","CW BEAWAR","5171640","CW, Opp.Krishnadhramkanta, Udaipur by pass road, Beawar,","Ajmer","RAJASTHAN","14849","03-Jan-2020","02-Jan-2025","9460994500","Active",""
"Central Warehousing Corporation","CW SITAPURA-II","5051657","P.N. SP-1, RIICO Indus. Area, Sitapura, Jaipur-302022,","Jaipur","RAJASTHAN","66762","18-Oct-2024","28-Dec-2029","9460789810","Active",""
"Central Warehousing Corporation","CW HANUMANGARH-I","6959134","Sector-8, Opp. Dhan Mandi","Hanumangarh","RAJASTHAN","20700","18-Jul-2024","17-Jul-2029","9414502648","Active",""
"Central Warehousing Corporation","CW BHARATPUR","4591649","Plot no. G-162 to 165&F-166 to 171 brij industries area behind Nafed plant phase II hathniroad,Bharatpur321301,","Bharatpur","RAJASTHAN","13991","21-Oct-2024","16-Dec-2029","7891923674","Active",""
"Central Warehousing Corporation","CW BARAN","4691648","Sp.no.01, RIICO Indl.area, Kota-Baran, Baran 325205,","Baran","RAJASTHAN","50911","09-Oct-2024","18-Dec-2029","9413182085","Active",""
"Chandra Shekhar","Shri Ram Warehouse","6650253","Khasra No. 119/1, 119/6, Village Chopasni Charnan, Tehsil Tinwari,","Jodhpur","RAJASTHAN","5565","09-Nov-2022","08-Nov-2027","9414163932","Inactive","EXPIRED INSURANCE"
"Charnpreet Kaur","Naman Agro Food Corporation","6976773","Godown at Kila No. 11 (Part), 12 (Part), 13 (Part), 14 (Part) & 15 (Part), Murba No. 45 Stone No. 186/413 Sri Vijay Nagar-Rai Singh Nagar Road Chak 29 GB A Sri Vijay Nagar","Ganganagar","RAJASTHAN","9600","12-Sep-2024","11-Mar-2029","9414514818","Active",""
"Chuki Devi","M/s Shiv Shakti Warehouse","6715593","Khasra No 815/450, Village & Tehsil Tinwari,","Jodhpur","RAJASTHAN","6761","10-May-2023","09-May-2028","9828509700","Active",""
"DARSHNA DEVI","DARSHNA DEVI","6542435","CHAK 12 SBN, VILLAGE NAGRANA","Hanumangarh","RAJASTHAN","12500","23-Nov-2021","22-Aug-2026","9166506508","Active",""
"Deepika Janwani","Divyansh Warehouse","6776884","Block No 2, Khasra No 71/3 & 71/4, Village Basni Benda","Jodhpur","RAJASTHAN","6838","29-Aug-2023","28-Aug-2028","9829027570","Active",""
"DEVA RAM","Shiv Shankar Warehouse","6715866","Khasra No. 719/382 (Old), 865/836 & 834/719 ( New), Village Kumprawas,, Kumpras Chhapari Khurd, Tehsil Merta Road,","Nagaur","RAJASTHAN","2983","10-May-2023","09-May-2028","9636370060","Active",""
"DEVENDRA PATIDAR","New Shree Ram Warehouse","6710461","Village-Post, Sidhpura, Pratapgarh","Pratapgarh","RAJASTHAN","3120","19-Apr-2023","18-Jan-2028","8619083788","Active",""
"DEVI DAGA","Pawan Putra Warehouse","6712988","Khasra No. 97/12, 97/14, 97/17, Village Bhaiserkutri, Tehsil Tinwari,","Jodhpur","RAJASTHAN","2336","28-Apr-2023","27-Apr-2028","9928538301","Active",""
"Dhan Raj","M/s Kisturi Warehouse","6681126","Khasra No.1397/114, Gram Lalawas, Tehsil Khinwsar,","Nagaur","RAJASTHAN","6662","09-Feb-2023","08-Feb-2028","9783733333","Suspended","EXPIRED INSURANCE"
"Dhanni Devi","SHREE LUMBA RAM WAREHOUSE","6569974","KHASRA NO 209/5,VILLAGE - LOHAWAT, BISNAWAS,","Jodhpur","RAJASTHAN","3333","20-Apr-2022","19-Apr-2027","9772987353","Active",""
"DHURARAM KULHARIA","Dhuraram Kulharia Warehouse","6808208","khasra no 2385/1755 , PLOT NO 2058/2057, Rohi Charakara , Nokha","Bikaner","RAJASTHAN","3336","30-Nov-2023","29-Nov-2028","9982000468","Active",""
"DINESH DOSHI","KK WAREHOUSE","6816219","Araji No.86/63, 87/83, 49/3, and 49/5, Vill -Devliya, Pratapgarh Road,, DHARIYAWAD","Pratapgarh","RAJASTHAN","3300","15-Dec-2023","14-Dec-2028","8003683151","Active",""
"Gajendra Sankhla","M/s Vedarth International","6662043","Khasra No.874/12, By Pass Road, Village Mathania, Tehsil Tinwari,","Jodhpur","RAJASTHAN","4208","12-Dec-2022","11-Dec-2027","9829429239","Active",""
"GANESH ENTERPRISES","GANESH ENTERPRISES","6534424","PLOT NO E 2-3-4 Phase 2nd, RIICO PHASE II SANGARIA","Hanumangarh","RAJASTHAN","11083","29-Sep-2021","28-Sep-2026","9414093228","Active",""
"GANESH GOYAL","Ganesh & Company","6540637","Plot No. G-36,39,40 Phase 2nd RIICO Industrial Area Sangaria,","Hanumangarh","RAJASTHAN","3214","09-Nov-2021","08-Nov-2026","9587152000","Active",""
"GAURAV GOYAL","GOYAL LOGISTICS","6738637","KILLA NO. 23/4, SQUARE NO. 28, CHAK 47 LNP IInd, Beenjhbayla To pakka Sahrna Road","Ganganagar","RAJASTHAN","1021","16-Jun-2023","15-Jun-2028","9782191111","Inactive","EXPIRED/INSUFFICIENT INSURANCE"
"Geeta Geeta","Geeta Devi Parihar","6637201","khasra No. 119/10,Village Chopasni Charnan, tehsil Tinwari,","Jodhpur","RAJASTHAN","4995","28-Sep-2022","27-Sep-2027","9414163932","Active",""
"Ghanshyam Agarwal","M/s Agarwal International","6730261","Block No. 1-B, Khasra No. 243, Village Salawas, Tehsil Luni","Jodhpur","RAJASTHAN","3002","06-Jun-2023","05-Jun-2028","9413662236","Active",""
"Gomi Devi","VIJAY LAXMI AGRI WAREHOUSE","6547830","KH.NO 218,219 & 220 VILL CHAUPASNI CHARANA TEH OSIAN,","Jodhpur","RAJASTHAN","5952","29-Dec-2021","28-Dec-2026","9414802790","Active",""
"GUDDI DEVI","BALAJI WAREHOUSE","5991643","KHASRA NO 895/2 , Village Mathania,","Jodhpur","RAJASTHAN","3224","12-Jul-2021","11-Jul-2026","9928157589","Active",""
"GUDDI DEVI","Balaji warehouse -2","6814958","SHUBHAM DHARM KATE KE PASS BAIPASS ROAD MATHANIYA,","Jodhpur","RAJASTHAN","3737","13-Dec-2023","12-Dec-2028","9928157589","Active",""
"Gunjan Gunjan","G. Baghla Logistics","6674196","Killa No. 4,7 & 14 & Road in Part of Killa No. 17 & 24, SQ. No. 12 Chak 33 GB, Teshil Sri Vijaynagar","Ganganagar","RAJASTHAN","7021","17-Jan-2023","16-Apr-2026","9828312515","Active",""
"Gurmeet Sadhu","Malwa Agro Warehouse","6621098","14 BGD 6BLM VijayNagar,","Ganganagar","RAJASTHAN","7448","25-Aug-2022","24-Aug-2027","8058383580","Active",""
"HANSO DEVI","Maa Pitambra Warehouse","6643324","Pinahat Road,","Dhaulpur","RAJASTHAN","2500","20-Oct-2022","19-Oct-2027","9783860714","Inactive","EXPIRED INSURANCE"
"Hanumangarh Farmer Producer Company Limited","Hanumangarh Farmer Producer Company Limited","6549810","Chak 9 SSW Sy. No. 152/296, M. No. 13, K. No. 14/0.126, 15/0.253, 16/0.253, 17/0.127","Hanumangarh","RAJASTHAN","6825","17-Jan-2022","16-Jan-2027","9928892280","Active",""
"Harshvardhan Gupta","Budakiya Trading Company","6654123","Chak 12 ,2074 to 2077 Khata No 2074 to 2077,","Ganganagar","RAJASTHAN","6384","29-Nov-2022","28-Nov-2027","9314655555","Active",""
"HUKAM JAIN","P.P. INTERNATIONAL","6977581","KHASARA NO 598 VILLAGE KASAR, LADPURA KOTA,","Kota","RAJASTHAN","4002","17-Sep-2024","16-Sep-2029","9785089754","Active",""
"IFSA SEEDS PVT LTD","IFSA SEEDS PVT LTD.","6842850","G-47, CLUB, 3rd Phase, Agro Food Park RIICO, Ganganagar","Ganganagar","RAJASTHAN","4994","20-Jan-2024","19-Jan-2029","9414873465","Active",""
"Igaya Ram","Shree Ram Warehouse","6662498","Khasra No. 839, Jodhpur Mathania Bypass Road, Village Mathania, Tehsil Tinwari,","Jodhpur","RAJASTHAN","6505","12-Dec-2022","11-Dec-2027","8764032671","Inactive","EXPIRED INSURANCE"
"Jagdamba Enterprises","Jagdamba Enterprises","6649263","Chak 46 NGC Sangria Road Hanumangarh Junction,","Hanumangarh","RAJASTHAN","20662","03-Nov-2022","02-Nov-2027","9414094334","Active",""
"Jagdish Prasad Bajaj","MAHADEV INDUSTRIES","6915664","PLOT NO 114-115 RIICO IID CENTER NAGAUR,","Nagaur","RAJASTHAN","1856","19-Apr-2024","18-Apr-2029","7014698080","Active",""
"Jai Mata Woollen Mills","JAI MATA WOOLLEN MILLS","6788228","B-186, INDUSTRIAL GROWTH CENTER, KHARA","Bikaner","RAJASTHAN","4007","30-Sep-2023","29-Sep-2028","9828538385","Active",""
"JAMU DEVI","BAAN MATA WAREHOUSE","6560528","JAMU DEVI, K NO 895/7 VILLAGE MATHANIYA TEHSIL TINWRI,","Jodhpur","RAJASTHAN","3413","03-Mar-2022","02-Mar-2027","9928992649","Active",""
"Janhavi Promoters Private Limited","CMD Logistics","3951644","2, NGM, Husangsar, Bikaner,","Bikaner","RAJASTHAN","11072","06-Sep-2024","30-Nov-2029","9460060009","Active",""
"Janhavi Promoters Private Limited","Janhavi Promoters Private Limited (Sampat Devi Duggar)","1003391","Rohi Nal Bari, Sobhasar Road,","Bikaner","RAJASTHAN","5196","05-Nov-2019","14-Jan-2025","9460060009","Active",""
"Janhavi Promoters Private Limited","Janhavi Promoters Private Limited (Kamla Devi Rathi)","1003375","Roni Nal Bari, Sobhasar Road,","Bikaner","RAJASTHAN","5196","04-Nov-2019","14-Jan-2025","9460060009","Inactive","EFFECTIVE CONTROL EXPIRED"
"Janhavi Promoters Private Limited","Janhavi Promoteres Private Limited, NR Agro Warehouse","1011626","2, NGM,","Bikaner","RAJASTHAN","9550","27-Sep-2022","29-Oct-2027","9610821210","Active",""
"Janhavi Promoters Private Limited","SS logistic","6311642","Godown no.1,2,4,5,6,7 Chak 3 HH, Suratgarh Road, NH-62, Sri ganganagar, Rajasthan-335001","Ganganagar","RAJASTHAN","18705","04-Feb-2020","03-Feb-2025","9460060009","Inactive","EFFECTIVE CONTROL EXPIRED"
"Jay Aanjaney Agro","Jay Aanjaney Agro Warehouse","6694087","hak 8 DWM Sanjeevani School Road, Rawatsar","Hanumangarh","RAJASTHAN","8933","14-Mar-2023","13-Mar-2028","9414951236","Active",""
"JAYSHREE BHURA","J B COLD STORAGE","6544142","KHASRA NO 1009/1004, JAY SHREE BHURA W/O NIRMAL KUMAR, NH 89 BIKANER ROAD HINYADESAR,","Bikaner","RAJASTHAN","6012","30-Nov-2021","29-Nov-2026","9886903789","Active",""
"JBW LOGISTICS PRIVATE LIMITED","M/S JBW LOGISTICS PRIVATE LIMITED","6678783","At Killa No 11/1,12/2,13,14,15 Khasra No 115/41,","Ganganagar","RAJASTHAN","6688","31-Jan-2023","30-Jan-2028","9602842726","Active",""
"JETHA RAM","M/s Jasnath Warehouse","6681662","Khasra No. 904/881 & 906/881, Village Mathania, Tehsil Tinwari,","Jodhpur","RAJASTHAN","1805","13-Feb-2023","12-Feb-2028","9928132292","Inactive","EXPIRED INSURANCE"
"JICS Logistic Limited","Jics Logistic Ltd.","1007400","Khasra No. 496, Ajmer Road,","Jaipur","RAJASTHAN","15727","01-Jul-2024","10-Jul-2029","8982032770","Active",""
"JICS Logistic Limited","Jics Logistic Limited","1007418","Khasra No. 393 & 394, Near NH- 8, Akhepura Road, Mokhampura,","Jaipur","RAJASTHAN","5000","14-Aug-2024","13-Aug-2029","8982032770","Active",""
"Jitendra Sancheti","JEET JAIN AND COMPANY","6601025","NEAR SPICE PARK,RAMPURA, MATHANIYA","Jodhpur","RAJASTHAN","3333","15-Jul-2022","14-Jul-2027","9414134576","Active",""
"JIVI DEVI","Raja Ramdev Warehouse","6656102","Khasra No.548/2, Village Khudala, Tehsil Luni,","Jodhpur","RAJASTHAN","6472","30-Nov-2022","29-Nov-2027","8824311008","Active",""
"JUGAL GOYAL","KARTIK WAREHOUSE","6608228","CHAK NO 50 NGC, SATIPURA","Hanumangarh","RAJASTHAN","3760","29-Jul-2022","28-Jul-2027","8302422222","Active",""
"JYOTI CHOUDHARY","Asha Warehouse","6693279","Khasra No. 382 ( Old) & 867/836( New), Village Kumprawas, Kumpras Chhapari Khurd, Tehsil Merta Road","Nagaur","RAJASTHAN","3000","07-Mar-2023","06-Mar-2028","9828023776","Inactive","EXPIRED/INSUFFICIENT INSURANCE"
"KAMAL AGGARWAL","BHARAT INDUSTRIES","6781389","KHASRA NO 46-47 N.H.62, NEAR MAHESH MOTERS, BIKANER ROAD","Bikaner","RAJASTHAN","7268","14-Sep-2023","13-Sep-2028","9950000999","Inactive","EXPIRED INSURANCE"
"Kamla Gandhi","Gandhi Warehouse","6749790","Chak No. 11 & 12, Khasra No. 78, Village Desuriya Visnoiyan, tehsil & district jodhpur,","Jodhpur","RAJASTHAN","3588","30-Jun-2023","29-Jun-2028","9610001846","Active",""
"KANAV GUPTA","JAI SHREE SHYAM WAREHOUSE","6710370","CHAK 9 DWM PATWAR 29DWD, NEAR NATIONAL HIGHWAY","Hanumangarh","RAJASTHAN","3851","19-Apr-2023","18-Apr-2028","9462582014","Active",""
"KANCHAN RATHI","KANCHAN UDYOG","6871024","KHASARA NO 44/3 MARK B, 17 KM MILESTONE PUGAL ROAD, SHOBHASAR BIKANER","Bikaner","RAJASTHAN","6163","24-Feb-2024","23-Feb-2029","8955704014","Active",""
"Kavita Lohiya","Lohiya Logistics","6652051","Plot No.9, Khasra No.80/1, Village Desuriya Vishnoiyan,Tehsil Mandore,","Jodhpur","RAJASTHAN","2090","17-Nov-2022","16-Nov-2027","9828545117","Active",""
"KAVITA SHAH","SAGAR WAREHOUSE","6770762","569/1239 NEAR SHANTINATH VILLAGE TIRTH,BAMOTAR,PRATAPGARH,","Pratapgarh","RAJASTHAN","4723","09-Aug-2023","08-Feb-2028","8003882256","Active",""
"Keshav Phophaliya","MAMTA ENTERPRISES","6988836","Khasra No. 68/8, 68/11, Boranada Salawas Road, Nandwan, Luni, Jodhpur,","Jodhpur","RAJASTHAN","2470","23-Oct-2024","22-Oct-2029","9829021787","Active",""
"KHATU GRAM SEWA SAHAKARI SAMITI LIMITED","KHATU GRAM SEWA SAHAKARI SAMITI LIMITED","6947790","NEAR TORAN DWAR GATE,VILLAGE-SITARAMPURA, TEHSIL-DANTARAMGARH","Sikar","RAJASTHAN","3500","20-Jun-2024","19-Jun-2029","9413338959","Active",""
"Khushboo Pareek","Narayana Agro","6592380","Khasra No. 611/602,, S.H. 20, 10 KM Mile Stone, Near Toll Plaza, Somalsar,","Bikaner","RAJASTHAN","4000","08-Jun-2022","07-Jun-2027","9414424242","Active",""
"KOMAL KHARIWAL","KOMAL KHARIWAL","6961205","SHOP NO. 23, WARD NO. 17, NEW DHAN MANDI, ICICI BANK BUILDING","Hanumangarh","RAJASTHAN","8368","23-Jul-2024","22-Jul-2029","9950217660","Active",""
"Koushalya Gaat","Mahadev Agro","6993067","Km Stone 15.5, NH 62, Khasra No.675/22, Rohi Surnana, Loonkaransar, Bikaner","Bikaner","RAJASTHAN","5736","12-Nov-2024","11-Nov-2029","9352227333","Active",""
"KRISHNA JHANWAR","M/S. K. K. WAREHOUSE","6655740","Khasara No. 20,23 & 24, Narbadkheda, Udaipur Road, Village Gohana, Tehsil Beawar,","Ajmer","RAJASTHAN","2500","30-Nov-2022","29-Nov-2027","9352410209","Inactive","EXPIRED/INSUFFICIENT INSURANCE"
"L.M.J.SERVICES LIMITED","L.M.J SERVICES LIMITED","6491708","B8,C-9-10,MIA 1ST PHASE, BASNI","Jodhpur","RAJASTHAN","7200","10-Feb-2020","09-Feb-2025","8112208445","Active",""
"Lakshman Sidhu","Majha Agro Warehouse","6621189","14 BGD 6BLM,","Ganganagar","RAJASTHAN","7009","25-Aug-2022","24-Aug-2027","9784454478","Active",""
"LICHHMA GODARA","R B AGRO","6872550","CHAK 481-500 R.D. PATWAR KHETRA, MURBA NO. 152/9, KILA NO. 16 & 25 GRAM PANCHAYAT KANASAR","Bikaner","RAJASTHAN","4515","27-Feb-2024","26-Feb-2029","9414648768","Active",""
"LTC Commercial Company Private Limited","LTC Commercial Company Private Ltd.","1000389","Sri Ganganagar Road, Chak 1-2 NGM,","Bikaner","RAJASTHAN","9000","20-Oct-2022","09-Dec-2027","8003593401","Active",""
"LTC Commercial Company Private Limited","LTC COMMERCIAL CO.PVT LTD.","6371640","Khasra no:616 & 617 Village-Kasar,Kota, Khasra no:616 & 617 VillageKasar kota","Kota","RAJASTHAN","21152","07-Feb-2020","06-Feb-2025","8003593441","Active",""
"LTC Commercial Company Private Limited","Saras Warehouses","1990016","Plot No. 1 & 2 , Murbba No. 152/62, Killa No. 8,13 & 18, 1 NGM Patwar Halka , Husangsar, Plot No. 1 & 2 , Murbba No. 152/62, Killa No. 8,13 & 18, 1 NGM Patwar Halka , Husangsar","Bikaner","RAJASTHAN","6548","31-Jan-2023","12-Mar-2028","8003593441","Active",""
"LTC Commercial Company Private Limited","Ltc Commercial Company Pvt. Ltd, Chak 47, Llw, Nh-15 Godown","1004415","CHAK 47 LLW ,NATIONAL HIGHWAY NO 15 ,VILLAGE -SINGHPURA,TEHSIL-PILLIBANGA DIST.HANUMANGARGH,","Hanumangarh","RAJASTHAN","13100","01-Feb-2023","02-Jun-2028","8003593441","Active",""
"LTC Commercial Company Private Limited","Saraswat Agrocom Private Limited","2990015","Godown No. 2 & 3,Sriganganagar Road,Chak 1-2 NGM, Village- Husangsar,District-Bikaner,Rajasthan, Godown No. 2 & 3,Sriganganagar Road,Chak 1-2 NGM, Village- Husangsar,District-Bikaner,Rajasthan","Bikaner","RAJASTHAN","9831","06-Jan-2023","04-May-2028","8003593431","Active",""
"LTC Commercial Company Private Limited","LTC COMMERCIAL COMPANY PVT LTD","6653042","Khasra no 341,Village Taluka Newai Gunshi,","Tonk","RAJASTHAN","5564","22-Nov-2022","21-May-2027","8003593441","Active",""
"LTC Commercial Company Private Limited","Shree Fats and Proteins Private Limited","3631051","612/1,612/2,612/3,612/4,620/2,620/4, Gram- Jatwara, Tehsil- Bassi,","Jaipur","RAJASTHAN","9877","29-Feb-2024","21-Apr-2029","8003593441","Active",""
"LTC Commercial Company Private Limited","Aivant Estate Private Limited","3351021","Khasra No. 205/3 & 225/3, 17th KM stone,, Sriganganagar Road, Near Mahalaxmi Petrol Pump, Vill- Khara,","Bikaner","RAJASTHAN","10538","10-Oct-2023","09-Oct-2028","8003593441","Active",""
"M/S Greentech Mega Food Park Limited","M/S GREENTECH MEGA FOOD PARK LTD","6682025","Godown No-1,2,3 Bhadun Road,","Ajmer","RAJASTHAN","6091","15-Feb-2023","14-Aug-2027","9928052958","Active",""
"M/S KSD Agree Enterprises","KSD AGREE ENTERPRISES","6948152","CHAK 25 JRK NH .54, GOLUWALA","Hanumangarh","RAJASTHAN","6708","21-Jun-2024","20-Jun-2027","9928157777","Active",""
"M/s Omprakash Vishnoi and Ashok Bishnoi","M/s Omprakash Vishnoi and Ashok Bishnoi","6815583","Plot No. 23A & 24, Khasra No. 78, Village Desuriya Bishnoiyan, Near Mandore Industrial Area,","Jodhpur","RAJASTHAN","3002","13-Dec-2023","12-Mar-2028","9950473108","Active",""
"M/S Pratik warehousing","Pratik Warehousing","6613897","Sq. No. 58 Chak 10 HMH Tibbi Road, Hanumangarh Town,","Hanumangarh","RAJASTHAN","6239","10-Aug-2022","09-Aug-2027","9414095491","Active",""
"M/S Ramdev Enterprises","M/S Ramdev Enterprises","6678155","Situated Killa No-11,12,13 & 14 SQ No 46 Chack 10 PBN,","Hanumangarh","RAJASTHAN","7918","30-Jan-2023","29-Jan-2028","9414089185","Active",""
"M/s Tayal And Sons","Mamta Tayal Warehouse And Rajeshvari Warehouse","6961650","Village Adarsh Mahabar,","Barmer","RAJASTHAN","10080","25-Jul-2024","24-Jan-2029","6377715322","Active",""
"MAMTA BHATTER","SMT. MAMTA BHATTER","6749527","KH. NO. 72/41 & 72/42,, MANDORE, DIST. JODHPUR","Jodhpur","RAJASTHAN","2425","30-Jun-2023","29-Dec-2024","9829027130","Active",""
"Mamta Sarawagi","Mamta Devi Sarawagi","6532626","Chak 1 GB (A) Sarupsar Road Jaitsar,","Ganganagar","RAJASTHAN","6657","13-Sep-2021","12-Sep-2026","8764044665","Active",""
"MANAK RAM","SHREE KRISHNA INDUSTRIES","6631352","KHASRA NO 889/2, BY PASS ROAD VILLAGE MATHANIYA, TEHSIL TINWARI","Jodhpur","RAJASTHAN","2333","20-Sep-2022","19-Sep-2027","9414560940","Suspended",""
"Mangilal Mangilal","Vijay Laxmi International","6763924","Khasra No.248, Village Lalawas, Tehsil Khimsar,","Nagaur","RAJASTHAN","6338","27-Jul-2023","26-Jul-2028","7023634896","Inactive","EXPIRED INSURANCE"
"manish chhajer","manish chhajer warehouse","6561963","khasra no. 17/6, tanawara","Jodhpur","RAJASTHAN","6100","16-Mar-2022","15-Mar-2027","9414090111","Active",""
"Manjula kothari","M/S Vidhi Warehousing Company","6843395","Block No. 14, 15 & 16, Khasra No. 51/4 & 51/5, Village Tanawara, Tehsil Luni","Jodhpur","RAJASTHAN","6491","20-Jan-2024","19-Jan-2029","9610010111","Active",""
"Manohar Lal Dhoot and Ravi Dhoot","Manohar lal Dhoot & Ravi Dhoot","6783450","Kh. No.70/4, 70/5, 70/6, 70/7, 70/8, 70/9, 70/10, 70/11, Village Nandwan, Tehsil Luni,","Jodhpur","RAJASTHAN","6672","20-Sep-2023","19-Sep-2028","9460592229","Active",""
"Maya Sakhla","SANKHLA ENTERPRISES","6574115","Rajpur Piperan, Suratgarh,,","Ganganagar","RAJASTHAN","4387","09-May-2022","08-May-2027","9414506839","Inactive","EXPIRED INSURANCE"
"MEENAKSHI DEVI","NEELKANTH WAREHOUSE","6709299","CHAK 3RRW-B, ABOHAR BYPASS ROAD","Hanumangarh","RAJASTHAN","3858","17-Apr-2023","16-Apr-2028","7976599916","Active",""
"Meenu Goyal","Shakti Warehouse","6539100","Killa No 2,3 & 4 SQ No 23, Stone No 307/455 Chak 17 AA Teh Anupgarh","Ganganagar","RAJASTHAN","6900","27-Oct-2021","26-Apr-2026","9887123550","Active",""
"MEERA AGARWAL","SHREE SHYAM AGRO FOODS","6974976","Khasra No. 686/1, 687/1, 688/1, Village- Hathnoda, Tehsil- Chomu,","Jaipur","RAJASTHAN","3405","04-Sep-2024","03-Mar-2029","9887122262","Active",""
"MEERA AGARWAL","SHREE SHYAM AGRO FOODS","6623433","KHASRA NO 686/1, 687/1, 688/1, VILLAGE- HATHNODA, TEHSIL- CHOMU","Jaipur","RAJASTHAN","5108","30-Aug-2022","29-Aug-2027","9829075262","Active",""
"Mohan Sharma","Shree Balaji Warehouse","6906754","Khasra No 1/25 Naya mauja, jaisinghpura,Gram panchyayat -Chainpura, Teh- Newai","Tonk","RAJASTHAN","5021","05-Apr-2024","04-Jan-2029","9414984887","Active",""
"Moolchand Sancheti","Mool chand Sancheti","6641880","NEAR SPICE PARK,RAMPURA, Mathaniya","Jodhpur","RAJASTHAN","3331","16-Oct-2022","15-Oct-2027","9982634576","Active",""
"Mrs Kavita","M/s Choudhary Warehousing","6736201","Killa No-1/3,2/2,3,4,9/2,Sq No 8, at Rawatsar -Surathgah Road,Chak 6-BHM,,","Hanumangarh","RAJASTHAN","7936","14-Jun-2023","13-Mar-2028","8696333332","Active",""
"Mukesh Kumar","Marudhar Seeds","6533343","Plot No. 50, Sec. No. 3, Hanumangarh Town","Hanumangarh","RAJASTHAN","7250","20-Sep-2021","19-Sep-2026","9414332625","Active",""
"NAMAN BANSAL","NAMAN BANSAL","6721179","KH. NO. 626/6 & 625/5,, GRAM AND PATWAR KHARA","Bikaner","RAJASTHAN","5000","26-May-2023","25-Nov-2024","9413757677","Inactive","EXPIRED INSURANCE"
"NAND JAJU","NAND KISHORE JAJU","6731160","KH. NO. 290/17,, GRAM TANAWARA, TEHSIL LUNI,","Jodhpur","RAJASTHAN","5843","06-Jun-2023","05-Dec-2024","9414131386","Active",""
"NATIONAL BULK HANDLING CORPORATION PRIVATE LIMITED","SPJ ISPATS INDIA PRIVATE LIMITED","1890017","GODOWN 01,PLOT NO. 99/100/101,SALAWAS ROAD, TEHSIL - LUNI, PIN CODE - 342010","Jodhpur","RAJASTHAN","2928","06-Jan-2023","10-Mar-2028","9352894017","Active",""
"NATIONAL BULK HANDLING CORPORATION PRIVATE LIMITED","PARAS LOGISTICS","3790016","KHASRA NO. 1209/159, VILLAGE - CHAK GARBI, KANASAR ROAD,","Bikaner","RAJASTHAN","2376","27-Mar-2023","25-Jun-2025","9352497393","Active",""
"NATIONAL BULK HANDLING CORPORATION PRIVATE LIMITED","MAHAVIRPRASAD NAHARMAL KOTHARI HUF WAREHOUSE","6842223","GD No. 6, KHASRA NO. 51/4 & 51/5,, VILLAGE - TANAWARA, SALAWAS ROAD, DIST - JODHPUR - 342013, RAJASTHAN","Jodhpur","RAJASTHAN","2412","20-Jan-2024","19-Jul-2025","9352497374","Active",""
"National Commodities Management Services Limited","National Commodities Mangement Service Limited","6941769","NCML OWN WAREHOUSE,MURABBA NO.2,KILLA NO.16 TO 20&21 TO 25,VILLAGE-AMARGARH,NANUWALA.TEH-RAISINGHNAGAR DISST-SRIGANGANAGAR,","Ganganagar","RAJASTHAN","9000","12-Jun-2024","11-Jun-2029","9928440192","Active",""
"National Commodities Management Services Limited","NARAYAN PRASAD CHANDAK AND SONS","6902431","odown No 1, KHASARA NO 311 263 141/521, VAKE ROHI BIKASAR NOKHA, BIKANER, RAJASTHAN-334803,","Bikaner","RAJASTHAN","2450","31-Mar-2024","30-Sep-2028","9462058362","Active",""
"National Commodities Management Services Limited","NCML Own Warehouse","6689947","G.No. 2, Khasra No 768,772 & 773, Jhalawar Road","Kota","RAJASTHAN","5850","27-Feb-2023","26-Aug-2027","9716870160","Active",""
"National Commodities Management Services Limited","National Commodities Mangement Service Limited","6942122","NCML OWN WAREHOUSE,MURABBA NO.2,KILLA NO.16 TO 20&21 TO 25,VILLAGE-AMARGARH,NANUWALA.TEH-RAISINGHNAGAR .DISST-SRIGANGANAGAR(RAJ),","Ganganagar","RAJASTHAN","8100","12-Jun-2024","11-Jun-2029","9928440192","Active",""
"National Commodities Management Services Limited","NCML Own Warehouse, Jodhpur, Warehouse No. 2","3650030","Khasra Number 25/14 ,25/20 ,25/17 ,25/13 ,25/19, 25/18, Taluka & District - Jodhpur","Jodhpur","RAJASTHAN","8170","31-Jan-2023","14-Dec-2027","9571555158","Active",""
"National Commodities Management Services Limited","Manish Saini Warehouse","6951750","Plot no 36,37,38, 54 khasra no. 237/1 and 236/5, Village Salawas, Taluka-Luni. District-Jodhpur. PIN 342802,","Jodhpur","RAJASTHAN","5050","26-Jun-2024","25-Dec-2028","9828423143","Active",""
"National Commodities Management Services Limited","MANPHOOL CHAND BISHNOI","6713077","GODOWN NO. - 1 KHASRA NO 1081, RODA, TEHSIL,","Bikaner","RAJASTHAN","2063","28-Apr-2023","27-Oct-2027","8949357255","Active",""
"National Commodities Management Services Limited","S K Agro Bhandar","6650071","Khasra /Khata No./Survey No. 32/1, 38 & 39/2, Lalwadi Mode, village Bhawati,,","Tonk","RAJASTHAN","2392","09-Nov-2022","08-Nov-2026","8107715551","Active",""
"National Commodities Management Services Limited","Prem Devi Sharma","6652416","Khasra /Khata No./Survey No : 32/1, 38 & 39/2 , Lalwadi Mode, Village Bhawati, Newai,,","Tonk","RAJASTHAN","4805","21-Nov-2022","20-May-2027","8107715551","Active",""
"National Commodities Management Services Limited","Aastha Agricom Private Limited","2050078","Plot No. E128, 129, Udyog Vihar, Taluka & District - Sriganganagar,","Ganganagar","RAJASTHAN","7460","15-Mar-2023","17-Sep-2027","7972377422","Active",""
"Navdeep Kaur","Prabhjeet Agro Food Corporation","6985329","Kila No. 6 (Part), 7 (Part), 8 (Part), 9 (Part), 10 (Part), 11 (Part), 12 (Part), 13 (Part), 14 (Part) & 15 (Part),, Muraba No. 45 Survey No. 186/413 Sri Vijay Nagar Rai singh Nagar Road Chak 29 G.B.A Sri Vijay Nagar","Ganganagar","RAJASTHAN","9600","09-Oct-2024","08-Apr-2029","9414511158","Active",""
"NAVEEN JAIN","ANKUR TRADING COMPANY","6782825","MADDA GULFROSHAN, NEW INDUSTRIAL ,NEAR ARIHAN kataT KATA","Chittaurgarh","RAJASTHAN","2000","19-Sep-2023","18-Sep-2026","9784761222","Active",""
"NAVEEN MEENA","NAVEEN MEENA","6687875","Khasra No.- 2002/1558, Village - Bijauli,, Talabsahi, Tehsil- Bari","Dhaulpur","RAJASTHAN","5029","22-Feb-2023","21-Feb-2028","9828361716","Active",""
"Navkar Agro Bhandar","Navkar Agro Bhandar","6660518","PWS, Oda, (Rajjawas), Teh. Railmagra,","Rajsamand","RAJASTHAN","28498","08-Dec-2022","07-Sep-2027","9414306949","Active",""
"NIDHI JAIN","Suncity Warehousing Company","6889117","Block No. 11 & 12, Khasra No. 51/4 & 51/5, Village Tanawara, Tehsil Luni","Jodhpur","RAJASTHAN","3336","19-Mar-2024","18-Mar-2029","9610010111","Active",""
"NIMOD GRAM SEWA SAHAKARI SAMITI LIMITED","NIMOD GRAM SEWA SAHAKARI SAMITI LIMITED","6932495","KHASRA NO.366, MANGALPURA ROAD,VILL-BANSA","Nagaur","RAJASTHAN","5000","20-May-2024","19-Aug-2028","9602612688","Active",""
"Nitin Dhaka","Nitin Dhaka Shubham Choudhary Warehouse","6711360","10 GGR,Hanumangarh road,tibbi,","Hanumangarh","RAJASTHAN","8240","24-Apr-2023","23-Apr-2028","9660712467","Active",""
"NOKHA AGRO SERVICES PVT. LTD.","Nokha Agro Services Pvt. Ltd. (Ashok PrakashLahoty & Hanuman Prasad Jhanwar)","6756274","Khasra No. 79,81,82,","Pratapgarh","RAJASTHAN","16762","14-Jul-2023","13-Jan-2027","8696930160","Active",""
"NOKHA AGRO SERVICES PVT. LTD.","Nokha Agro Services Pvt. Ltd.","6664650","N.H. 15, 18 KM Stone, Sri Ganganagar Road, Khara","Bikaner","RAJASTHAN","9500","22-Dec-2022","21-Dec-2027","9672979141","Active",""
"NOKHA AGRO SERVICES PVT. LTD.","NOKHA AGRO SERVICES PVT. LTD.","1650024","D-74, RICCO INDUSTRIAL AREA, NOKHA EXTENSION","Bikaner","RAJASTHAN","11570","22-Dec-2022","24-Feb-2028","8696930160","Active",""
"NOKHA AGRO SERVICES PVT. LTD.","Nokha Agro Services Pvt. Ltd.","6670145","F-237, 238 & 243, 244 Agro Food Park, Boranada","Jodhpur","RAJASTHAN","9500","03-Jan-2023","02-Jan-2028","9672979148","Active",""
"NOKHA AGRO SERVICES PVT. LTD.","Nokha Agro Services Pvt. Ltd. (Kishan Agro Services)","7811641","KHASRA NO. 207, N.H.15, KHARA","Bikaner","RAJASTHAN","7694","13-May-2020","12-May-2025","8696930160","Active",""
"NOKHA AGRO SERVICES PVT. LTD.","Nokha Agro Services Pvt. Ltd. (Raghav Agro Services)","7791653","Khasra No. 207, N.H.-15","Bikaner","RAJASTHAN","7694","13-May-2020","12-May-2025","8696930160","Active",""
"Nokha agrotech pvt ltd","Nokha Agro Tech Private Limited C/o Shree Ram Agro Services","8911647","N.H. 15, 18 KM Stone, Khasra No. 207, Village Khara","Bikaner","RAJASTHAN","8000","29-Sep-2020","28-Sep-2025","9672979140","Suspended",""
"Nokha agrotech pvt ltd","Nokha Agro Tech private limited","6910533","F-518 TO 525, F-532 TO 539, KARNI INDUSRIAL AREA EXTENSION,,","Bikaner","RAJASTHAN","13758","11-Apr-2024","10-Apr-2029","9414147140","Active",""
"Nokha Warehouse","NOKHA WAREHOUSE","8531644","PLOT NO 400-403,KHASRA NO 15-18,706/16,RIICO INDUSTRIAL AREA,BIKASAR,","Bikaner","RAJASTHAN","16993","22-Jul-2020","20-Jul-2025","9413388313","Active",""
"Nokha Warehouse","Nokha Warehouse","1103164","Unit of Cold Storage,Plot No-400-403,Khasra No 15-18,706/16,Near RIICO industrial Area,Bikasar,Nokha,Bikaner, Near","Bikaner","RAJASTHAN","5953","06-Jan-2021","05-Jan-2026","9413388313","Active",""
"OM Prakash","M/s Shree Annapurna Warehouse","6726665","Killa No-1,2,3,4 & 5 Sq No-18,Chak -47 L.N.W Patwar Halka Narsinghpura,","Ganganagar","RAJASTHAN","10000","31-May-2023","30-Nov-2027","9829179721","Active",""
"Om Prakash","Vishvkarma Enterprises","6715056","Khasra No.876/4, By Pass Road, Mathania","Jodhpur","RAJASTHAN","1351","03-May-2023","02-May-2028","9414495650","Active",""
"OM SAI AGRIFACILITIES PRIVATE LIMITED","OM SAI AGRIFACILITES PRIVATE LIMITED","6667174","KHASRA NO 513/55,54VILLAGE-BANDA,TEHSIL-RAMGANJ MANDI,","Kota","RAJASTHAN","7237","27-Dec-2022","26-Dec-2027","9413352084","Active",""
"OM SAI AGRIFACILITIES PRIVATE LIMITED","OM SAI AGRIFACILITES PRIVATE LIMITED","6581854","67, NEAR SINIYAR MAHA VIDYALAY, RAMGANJ MANDI,","Kota","RAJASTHAN","4896","28-May-2022","27-May-2027","9413352084","Active",""
"OM SAI AGRIFACILITIES PRIVATE LIMITED","OM SAI AGRIFACILITES PRIVATE LIMITED","6684542","KHASRA No 14 AT NALODIYA VILLAGE,LAKHARIYA PANCHAYAT TEHSIL RANGANJ MANDI,","Kota","RAJASTHAN","5001","17-Feb-2023","16-Feb-2028","9413352084","Active",""
"OM SAI COLLATERAL MANAGEMENT PRIVATE LIMITED","OM SAI COLLATERAL MANAGEMENT PRIVATE LIMITED","6737282","KHASRA NO 11,12,13,14 NALODIYA VILLAGE, LAKHARIYA PANCHAYAT RAMGANJMANDI-KOTA,","Kota","RAJASTHAN","6298","14-Jun-2023","13-Jun-2028","9413352084","Active",""
"OMPRAKASH DHAKAR","OM PRAKASH DHAKAR","6934566","BAMBORI,","Pratapgarh","RAJASTHAN","1800","28-May-2024","27-May-2029","9829532749","Active",""
"Pappa Ram","Shri Ram Warehouse","6711451","Khasra No. 112/6, Village Manaklav, Tehsil Jodhpur,","Jodhpur","RAJASTHAN","3387","24-Apr-2023","23-Apr-2028","9414163932","Active",""
"PARIHAR STOREX","Parihar storex","6552517","Khasra no 255/5 sindhiyo ki dhani rampura bhatiyan, Rampura bhatiyan","Jodhpur","RAJASTHAN","1500","10-Apr-2024","09-Apr-2026","9214468387","Inactive","EXPIRED INSURANCE"
"Parmjeet Kaur","Parmjeet Agro Food Corporation","6975510","Kila No. 6 to 10, Part of Kila No. 1 to 5 & 16, Mu. No. 186/413 (45), Chak 29 GB (A) Tehsil Srivijaynagar","Ganganagar","RAJASTHAN","9600","04-Sep-2024","03-Mar-2029","9982116307","Active",""
"PARVATI DEVI","PARVATI DEVI","6544688","CHAK 3, PSD-B RAWLA","Ganganagar","RAJASTHAN","6000","06-Dec-2021","05-Jun-2026","9983317177","Inactive","EXPIRED INSURANCE"
"PAWAN JHANWAR","PAWAN JHANWAR","6829980","Aditya Industrial Estate, Plot No.12 on Khasara No. 52/4, 52/5, 53/4, 53/5, 53/10, 53/11, 53/20, 53/28, 53/33 to 53/41 to 53/51, 53, AGRO Based Industries at Village Salawas Jodhpur","Jodhpur","RAJASTHAN","2100","30-Dec-2023","29-Jun-2025","9829025100","Active",""
"Pinky Goyal","Shakti Logistic","6539282","Kila No. 2,3 & 4 SQ No 23 Stone No. 307/455, Chak 17 AA Teh Anupgarh","Ganganagar","RAJASTHAN","4548","28-Oct-2021","27-Apr-2026","9414088318","Active",""
"POOJA JAIN","M/s Shri Sunder Agro Warehouse","6699219","Kh. No.112/4, Manaklov Bypass Road,Village Chopasni Charnan,","Jodhpur","RAJASTHAN","4838","27-Mar-2023","26-Mar-2028","9828122284","Active",""
"Pradeep Kumar","Pradeep Kumar Gothwal","6545313","Chak 10 DWM Gram Panchayat At 29 DWM,","Hanumangarh","RAJASTHAN","20936","07-Dec-2021","06-Dec-2026","9781119805","Active",""
"PRAMOD GOYAL","RAMNATH DEV LAL GOYAL","6662225","khasra no. 314/1 village borda,","Jhalawar","RAJASTHAN","8328","12-Dec-2022","11-Dec-2027","9414193725","Active",""
"Pratap Cold Storage Private Limited","Pratap Cold Storage Private Limited","6662407","B-79A, Growth Center, RIICO Industrial Area","Dhaulpur","RAJASTHAN","17500","12-Dec-2022","11-Dec-2027","9414028014","Inactive","EXPIRED INSURANCE"
"Pratik Agro Processing","Pratik Agro Processing","6597330","Chak 10 HMH Tibbi Road,, Hanumangarh Town","Hanumangarh","RAJASTHAN","5961","27-Jun-2022","26-Jun-2027","9414579138","Active",""
"Pratik Food Processing","Pratik Food Processing","6626675","Chak 10 HMH, Tibbi Road, Hanumangarh Town,","Hanumangarh","RAJASTHAN","5000","31-Aug-2022","30-Aug-2027","9672251114","Active",""
"Preeti Gupta","Preeti Enterprises","6600480","Chak 14 SSW Kila No. 4,7,14,17,24, Village Kohla","Hanumangarh","RAJASTHAN","6800","12-Jul-2022","11-Jul-2027","9079870935","Inactive","EXPIRED INSURANCE"
"Prem Gulechha","M/s Shri Kanwar Mishri International","6663488","Plot No.22, Khasra No.71/6, Village & Tehsil Mandore,","Jodhpur","RAJASTHAN","3969","19-Dec-2022","18-Dec-2027","9413319495","Active",""
"Prem Kumar","Shree Balaji Warehouse","6659163","Khata No. 146/84 Stone No. 132/54 Murba No. 47 Kila No. 5,6,15,16,25, Stone No. 132/55, Muraba No. 53, Kila No. 5 Chak 23 DWD, Patwar Halka No. 29 DWD, Tehsil Rawatsar","Hanumangarh","RAJASTHAN","7000","06-Dec-2022","05-Jun-2027","9929058100","Active",""
"Prem Prakash","Mr Prem Parkash/Suman Prakash","6711279","10 GGR,Hanumgarh road,tibbi,","Hanumangarh","RAJASTHAN","10000","24-Apr-2023","23-Apr-2028","9582607087","Active",""
"Pritpal Singh","Pritpal Singh S/o Gurbachan Singh","6546303","Kill No-19,20,21,22 Murabba No-22, 47 GG-B","Ganganagar","RAJASTHAN","5669","17-Dec-2021","16-Dec-2026","9828023954","Active",""
"Priyanka Godara","Priyanka W/O Sushil Kumar","6662944","M/s Baba Dhore Wala Warehousing Chak-6 BHM,Jakharanwali,","Hanumangarh","RAJASTHAN","7168","13-Dec-2022","12-Sep-2027","9649676504","Active",""
"PUSARAM TAK","MAA ASHAPURA WAREHOUSE","9271647","PROP. PUSA RAM TAK KHASRA NO. 717/79, NEAR RIICO INDUSTRIAL AREA ,MATHANIA,","Jodhpur","RAJASTHAN","7069","04-Nov-2020","03-Nov-2025","9414120820","Active",""
"PUSHPA DEVI","C.B.G. WAREHOUSE","6604268","NEAR NATIONAL HIGHWAY, BHAGWANGARH","Ganganagar","RAJASTHAN","6691","20-Jul-2022","19-Apr-2027","9351464692","Active",""
"PUSHPA DEVI","M/S MAHADEV WAREHOUSE","6667984","KHASRA NO 107/7 AMBAR SAGAR MATHANIA TINWARI,","Jodhpur","RAJASTHAN","2299","28-Dec-2022","27-Dec-2027","9784103489","Active",""
"PUSHPA MIGLANI","APARNA INDUSTRY","6710289","KILLA NO.1,2,9,10,11,12. MURABBA NO.8, CHAK 24BB, PADAMPUR,","Ganganagar","RAJASTHAN","6570","19-Apr-2023","18-Apr-2028","9649818183","Active",""
"Pushpa Soni","Pushpa Soni","6970388","Aditya Industrial Estate, Plot No.14 on Khasara No. 52/4, 52/5, 53/4, 53/5, 53/10, 53/11, 53/20, 53/28, 53/33 to 53/51, 53/53, AGRO Based Industries at Village Salawas Jodhpur","Jodhpur","RAJASTHAN","2608","24-Aug-2024","23-Aug-2029","9004670955","Active",""
"RADHA DEVI","RADHA DEVI WEREHOUSE","6660609","KHASRA NO 209/140, NEAR INYARA FANTA","Bikaner","RAJASTHAN","7591","08-Dec-2022","07-Dec-2027","9468569577","Active",""
"RAGHUNANDAN COLD CHEMBER LLP","Raghunandan Cold Chamber LLP","6673743","Situated 7-8km Stone Dholpur Agra Road,","Dhaulpur","RAJASTHAN","600","17-Jan-2023","16-Jan-2028","7895126313","Active",""
"RAGHUNANDAN INDUSTRIES PVT. LTD.","Raghunandan Industries Pvt Ltd","6562235","3-4KM STONE 51, AGRA BOMBAY ROAD","Dhaulpur","RAJASTHAN","453","17-Mar-2022","16-Sep-2026","7895126313","Active",""
"Rahul Deora","Rahul Logistics","6671580","Khasra No.261 & 339, Sindhiyo Ki Dhani Road, Village Rampura Bhatiyan, Tehsil Tinwari, Jodhpur,","Jodhpur","RAJASTHAN","6437","10-Jan-2023","09-Jan-2028","9521858813","Active",""
"RAJ RANI","Raj Rani Warehouse","6544860","47 LNP II Beenjhbayala, Tehsil Padampur","Ganganagar","RAJASTHAN","7200","06-Dec-2021","05-Dec-2026","9602740200","Inactive","EXPIRED/INSUFFICIENT INSURANCE"
"Rajasthan State Warehousing Corperation","RSWC BANDIKUI","6553507","Near jhalani cycle Store, sikandra road bandikui","Dausa","RAJASTHAN","13680","18-Feb-2022","17-Feb-2027","9413385763","Inactive","EXPIRED INSURANCE"
"Rajasthan State Warehousing Corperation","RSWC BARAN","6558811","NEAR MALL GODOWN, BARAN","Baran","RAJASTHAN","27520","23-Feb-2022","22-Feb-2027","9413385736","Inactive","EXPIRED INSURANCE"
"Rajasthan State Warehousing Corperation","RSWC Kesrisinghpur","6558092","Near Subhash Park,","Ganganagar","RAJASTHAN","8100","21-Feb-2022","20-Feb-2027","9413385809","Inactive","EXPIRED INSURANCE"
"Rajasthan State Warehousing Corperation","RSWC BANSWARA","6565295","RIICO INDUSTRIAL AREA MAHI DEM ROAD ,RSWC BANSWARA,","Banswara","RAJASTHAN","12200","28-Mar-2022","27-Mar-2027","9413385735","Active",""
"Rajasthan State Warehousing Corperation","RSWC KHAJUWALA","6558993","RSWC KHAJUWALA INFRONT OF BSNL COLONY KHAJUWALA, RSWC KHAJUWALA","Bikaner","RAJASTHAN","16650","23-Feb-2022","22-Feb-2027","9413385750","Active",""
"Rajasthan State Warehousing Corperation","RSWC LUNKARANSAR","6554588","RSWC Lunkaransar, RICCO Industrial Area, Near NH Mill","Bikaner","RAJASTHAN","19500","18-Feb-2022","17-Feb-2027","9413349329","Active",""
"Rajasthan State Warehousing Corperation","RSWC CHOMU","6558183","State Warehouse, Biharipura","Jaipur","RAJASTHAN","21920","21-Feb-2022","20-Feb-2027","9413385776","Active",""
"Rajasthan State Warehousing Corperation","RSWC BHINMAL","6556021","Near Krishi Upaj Mandi, Ramsin Road, Bhinmal,","Jalor","RAJASTHAN","4850","18-Feb-2022","17-Feb-2027","9414040638","Active",""
"Rajasthan State Warehousing Corperation","RSWC PRATAPGARH","6556567","DHARIYWAD ROAD,NEAR GAYATRI MANDIR,","Pratapgarh","RAJASTHAN","18450","18-Feb-2022","17-Feb-2027","9413385760","Active",""
"Rajasthan State Warehousing Corperation","RSWC Bharatpur","6564660","RSWC Bharatpur, New Mandi, Station Road,Near Gupta Petrol Pump,","Bharatpur","RAJASTHAN","19400","28-Mar-2022","27-Mar-2027","9413385744","Active",""
"Rajasthan State Warehousing Corperation","RSWC Aburoad","6559355","Aabkari Colony,","Sirohi","RAJASTHAN","2700","24-Feb-2022","23-Feb-2027","9413385803","Active",""
"Rajasthan State Warehousing Corperation","RSWC Srivijaynagar","6557557","Behind KUMS, Srivijaynagar","Ganganagar","RAJASTHAN","27000","21-Feb-2022","20-Feb-2027","9413385817","Active",""
"Rajasthan State Warehousing Corperation","RSWC NOKHA","6557011","near polish station Nokha Bikaner, near polish station Nokha Bikaner","Bikaner","RAJASTHAN","2700","18-Feb-2022","17-Feb-2027","9413385752","Active",""
"Rajasthan State Warehousing Corperation","RSWC Dungarpur","6556658","Near Govt. ITI College and BSNL Office, Near Govt. ITI College and BSNL Office","Dungarpur","RAJASTHAN","5100","18-Feb-2022","17-Feb-2027","9413385767","Active",""
"Rajasthan State Warehousing Corperation","RSWC bhilwara","6561518","rswc bhilwara, purana bus stand, near dangi factory, azaad nagar road, bhilwara","Bhilwara","RAJASTHAN","8550","14-Mar-2022","13-Mar-2027","9413385747","Inactive","EXPIRED INSURANCE"
"Rajasthan State Warehousing Corperation","RSWC Udaipur","6578165","near od trasport nagar, pratap nagar","Udaipur","RAJASTHAN","24750","24-May-2022","23-May-2027","9413385821","Inactive","EXPIRED INSURANCE"
"Rajasthan State Warehousing Corperation","RSWC MANDALGARH","6557102","KOTWAL KA KHEDA SINGOLI ROAD,","Bhilwara","RAJASTHAN","15600","18-Feb-2022","17-Feb-2027","9413385749","Active",""
"Rajasthan State Warehousing Corperation","RSWC BEAWAR","6557821","KESHARPURA, P.O. NARBADKHERA","Ajmer","RAJASTHAN","6300","21-Feb-2022","20-Feb-2027","9413385730","Active",""
"Rajasthan State Warehousing Corperation","RSWC JODHPUR II BASNI","6583207","SPW/1 NEAR DERBY TEXTILE, BASNI MIA PHASE II","Jodhpur","RAJASTHAN","16200","29-May-2022","28-May-2027","9413385787","Active",""
"Rajasthan State Warehousing Corperation","RSWC NEEM-KA-THANA","6554760","DABAR,BHOUDLI ROAD NEAR SADAR POLICE THANA,NEEM-KA-THANA, DABAR,BHOUDLI ROAD NEAR SADAR POLICE THANA,NEEM-KA-THANA","Sikar","RAJASTHAN","3600","18-Feb-2022","17-Feb-2027","9413385804","Active",""
"Rajasthan State Warehousing Corperation","RSWC BILARA","6556294","HARSH RAOD, BESIDES ALOK SCHOOL","Jodhpur","RAJASTHAN","7200","18-Feb-2022","17-Feb-2027","9413385788","Active",""
"Rajasthan State Warehousing Corperation","RSWC TONK","6552962","NEAR BUS STAND BEHIND KRISHI MANDI, TONK","Tonk","RAJASTHAN","12650","18-Feb-2022","17-Feb-2027","9413385819","Active",""
"Rajasthan State Warehousing Corperation","RSWC RIDMALSAR","6553325","RAJASTHAN STATE WAREHOUSE CORPORATION,STATE WAREHOUSE RIDMALSAR, NEAR BY SAJANWALAGAOV,PADAMPUR ROAD RIDMALSAR","Ganganagar","RAJASTHAN","23550","18-Feb-2022","17-Feb-2027","9413385814","Active",""
"Rajasthan State Warehousing Corperation","RSWC MOHANGARH","6553598","NEAR BY NAVODYA SCHOOL MAIN ROAD MOHANGARH, NEAR BY NAVODYA SCHOOL MAIN ROAD MOHANGARH","Jaisalmer","RAJASTHAN","5400","18-Feb-2022","17-Feb-2027","9414040637","Active",""
"Rajasthan State Warehousing Corperation","RSWC Dooni","6553416","State Warehouse, RSWC, State Warehouse, Gandhi Gram Road, Near Satya Narayan Temple, Dooni (Tonk) 304802","Tonk","RAJASTHAN","9900","18-Feb-2022","17-Feb-2027","9413385831","Active",""
"Rajasthan State Warehousing Corperation","RSWC KHANPUR","6553861","NEAR GOVT. ITI COLLEGE, RAJASTHAN STATE WAREHOUSING CORPORATION","Jhalawar","RAJASTHAN","6750","18-Feb-2022","17-Feb-2027","9414041527","Active",""
"Rajasthan State Warehousing Corperation","RSWC RAJSAMAND","6555122","NEAR POLICE LINE,JAVAD INDUSTRIAL AREA, NH-58, UDAIPUR ROAD","Rajsamand","RAJASTHAN","15000","18-Feb-2022","17-Feb-2027","9413385800","Active",""
"Rajasthan State Warehousing Corperation","RSWC Atru","6556922","Near Atru Railway Station,","Baran","RAJASTHAN","5400","18-Feb-2022","17-Feb-2027","9413385739","Inactive","EXPIRED INSURANCE"
"Rajasthan State Warehousing Corperation","RSWC SRI KARANPUR","6555932","WARD NO 16, NEAR RAILWAY STATION","Ganganagar","RAJASTHAN","16650","18-Feb-2022","17-Feb-2027","9413385816","Inactive","EXPIRED INSURANCE"
"Rajasthan State Warehousing Corperation","RSWC DABLIRATHAN","6553143","SURATGARH-HANUMANGARH STATE HIGHWAY, DABLIRATHAN","Hanumangarh","RAJASTHAN","18000","18-Feb-2022","17-Feb-2027","9413385769","Inactive","EXPIRED INSURANCE"
"Rajasthan State Warehousing Corperation","RSWC Sumerpur","6553234","Behind krishi Upaj Mandi, Sumerpur","Pali","RAJASTHAN","11700","18-Feb-2022","17-Feb-2027","9413385799","Inactive","EXPIRED INSURANCE"
"Rajasthan State Warehousing Corperation","RSWC PALI","6665285","RSWC-PALI, NEAR RAM LILA MAIDAN","Pali","RAJASTHAN","4197","23-Dec-2022","22-Dec-2027","9413385797","Inactive","EXPIRED INSURANCE"
"Rajasthan State Warehousing Corperation","RSWC SAWAI MADHOPUR","6583652","IHS colony, IHS colony","Sawai Madhopur","RAJASTHAN","13840","29-May-2022","28-May-2027","9413385801","Inactive","EXPIRED INSURANCE"
"Rajasthan State Warehousing Corperation","RSWC JODHPUR-I (MANDORE)","6553051","INSIDE KRISHI UPAJ MANDI, J BLOACK IN FRONT OF JIRA MANDI","Jodhpur","RAJASTHAN","8250","18-Feb-2022","17-Feb-2027","9413385786","Inactive","EXPIRED INSURANCE"
"Rajasthan State Warehousing Corperation","RSWC GULABPURA","6557193","NEAR POLICE STATION, HOSPITAL ROAD","Bhilwara","RAJASTHAN","10250","18-Feb-2022","17-Feb-2027","9413385748","Inactive","EXPIRED INSURANCE"
"Rajasthan State Warehousing Corperation","RSWC Raisinghnagar","6554851","ward no-06 Behiend Maszid Raisinghnagar, ward no-06 Behiend Maszid Raisinghnagar","Ganganagar","RAJASTHAN","96650","18-Feb-2022","17-Feb-2027","9413385811","Inactive","EXPIRED INSURANCE"
"Rajasthan State Warehousing Corperation","RSWC NEWAI","6555031","STATE WAREHOUSE NEWAI, NEAR RAILWAY STATION","Tonk","RAJASTHAN","2250","18-Feb-2022","17-Feb-2027","9413385826","Active",""
"Rajasthan State Warehousing Corperation","RSWC Ramsinghpur","6559173","Kumpli Road, Ramsinghpur, Tehsil Anupgarh","Ganganagar","RAJASTHAN","1800","23-Feb-2022","22-Feb-2027","9413385812","Active",""
"Rajasthan State Warehousing Corperation","RSWC NAGAUR","6555304","Near krishi upaj mandi, jodhpur bikaner bypass, Nagaur","Nagaur","RAJASTHAN","13950","18-Feb-2022","17-Feb-2027","9413385795","Active",""
"Rajasthan State Warehousing Corperation","RSWC BHADRA","6554679","RSWC Bhadra Near Kray Vikray Sahkari Samiti Bhadra , Hanumangarh India. 335501, RSWC BHADRA","Hanumangarh","RAJASTHAN","3600","18-Feb-2022","17-Feb-2027","9413385834","Active",""
"Rajasthan State Warehousing Corperation","RSWC ANOOPGARH UNIT -2","6681845","18 AA , TEHSIL ANOOPGARH DISTT SRIGANGANAGAR,","Ganganagar","RAJASTHAN","76650","15-Feb-2023","14-Feb-2028","9413385806","Active",""
"Rajasthan State Warehousing Corperation","RSWC KARAULI","6555395","Barkhera, RICO","Karauli","RAJASTHAN","6800","18-Feb-2022","17-Feb-2027","9413385790","Active",""
"Rajasthan State Warehousing Corperation","RSWC NIMBAHERA","6555841","Near Badi Sabji Mandi, Chotti Sadri Road, Nimbahera,","Chittaurgarh","RAJASTHAN","13500","18-Feb-2022","17-Feb-2027","9413385759","Active",""
"Rajasthan State Warehousing Corperation","RSWC Hindauncity","6553770","RSWC Hindancity,","Karauli","RAJASTHAN","37550","18-Feb-2022","17-Feb-2027","9413385791","Inactive","EXPIRED INSURANCE"
"Rajasthan State Warehousing Corperation","RSWC SANGARIA","6575377","NEAR POST OFFOCE, NEW GRAIN MARKET SANGARIA","Hanumangarh","RAJASTHAN","16800","19-May-2022","18-May-2027","9413385734","Active",""
"Rajasthan State Warehousing Corperation","RSWC LALSOT","6559264","MJRP Circle LALSOT, kothun tirha","Dausa","RAJASTHAN","2880","23-Feb-2022","22-Feb-2027","9413385764","Active",""
"Rajasthan State Warehousing Corperation","RSWC Sanchore","6566731","b dhani, bhinmal road","Jalor","RAJASTHAN","1800","29-Mar-2022","28-Mar-2027","9413346231","Active",""
"Rajasthan State Warehousing Corperation","RSWC Ajmer","6640080","Rajasthan State Warehousing Corporation, Near Bakra Mandi, Daurai","Ajmer","RAJASTHAN","12600","10-Oct-2022","09-Oct-2027","9413385729","Active",""
"Rajasthan State Warehousing Corperation","RSWC DHOLPUR","6639991","NEAR JAIL FATAK, OPPOSITE RAILWAY STATION DHOLPUR","Dhaulpur","RAJASTHAN","1350","10-Oct-2022","09-Oct-2027","9413385766","Active",""
"Rajasthan State Warehousing Corperation","RSWC DAUSA","6562771","RSWC DAUSA AGRA ROAD, NEAR TIWARI DHARAM KATA","Dausa","RAJASTHAN","12900","22-Mar-2022","21-Mar-2027","9413385762","Inactive","EXPIRED INSURANCE"
"Rajasthan State Warehousing Corperation","RSWC BUNDI","6554315","NEAR BSNL OFFICE, near RTO office","Bundi","RAJASTHAN","24620","18-Feb-2022","17-Feb-2027","9413385753","Active",""
"Rajasthan State Warehousing Corperation","RSWC Ramganjmandi","6554497","Sabji Mandi ke pass,Ramganjmandi, Sabji Mandi ke pass,Ramganjmandi","Kota","RAJASTHAN","9650","18-Feb-2022","17-Feb-2027","9413385793","Active",""
"Rajasthan State Warehousing Corperation","RSWC CHITTORGARH","6573398","segwa road chittorgarh, SEGWA ROAD","Chittaurgarh","RAJASTHAN","27900","29-Apr-2022","28-Apr-2027","9413385757","Inactive","EXPIRED INSURANCE"
"Rajasthan State Warehousing Corperation","RSWC Khairthal","6552426","near Railway phatak, harsoli road","Alwar","RAJASTHAN","7400","17-Feb-2022","16-Feb-2027","9413385774","Inactive","EXPIRED INSURANCE"
"Rajasthan State Warehousing Corperation","RSWC (PMC III), GHARSANA","6636302","SATRANA ROAD,","Ganganagar","RAJASTHAN","106200","27-Sep-2022","26-Sep-2027","9413385808","Active",""
"Rajasthan State Warehousing Corperation","RSWC MERTACITY","6557912","NEAR SUB JAIL,GOTAN ROAD,MERTACITY, NEAR SUB JAIL,GOTAN ROAD,MERTACITY","Nagaur","RAJASTHAN","14850","21-Feb-2022","20-Feb-2027","9413385796","Active",""
"Rajasthan State Warehousing Corperation","RSWC GOLUWALA","6557649","NEAR POLICE STATION, LANDMARK-JDVVNL, GOLUWALA","Hanumangarh","RAJASTHAN","13050","21-Feb-2022","20-Feb-2027","9413385770","Inactive","EXPIRED INSURANCE"
"Rajasthan State Warehousing Corperation","RSWC Anta","6558456","Tehsil- Anta, Near Railway Station","Baran","RAJASTHAN","9000","21-Feb-2022","20-Feb-2027","9413385738","Inactive","EXPIRED INSURANCE"
"Rajasthan State Warehousing Corperation","RSWC Sumerpur Unit 2 / Bisalpur","6558548","Bali Road, Bisalpur, Te - Bali, Di - Pali","Pali","RAJASTHAN","14400","21-Feb-2022","20-Feb-2027","9413385799","Active",""
"Rajasthan State Warehousing Corperation","RSWC LADNU","6554224","NEAR BY PASHU VIGYAN KENDRA, VILLAGE- BANKLIYA, LADNU","Nagaur","RAJASTHAN","14400","18-Feb-2022","17-Feb-2027","9414016036","Active",""
"Rajasthan State Warehousing Corperation","RSWC SANGARIA","6717482","NEAR POST OFFICE, NEW GRAIN MARKET","Hanumangarh","RAJASTHAN","3960","19-May-2023","18-May-2028","9413385734","Active",""
"Rajasthan State Warehousing Corperation","RSWC GHARSNANA","6555759","NEW GHARSANA, NEAR SABJI MANDI","Ganganagar","RAJASTHAN","12500","18-Feb-2022","17-Feb-2027","9413385808","Inactive","EXPIRED INSURANCE"
"Rajasthan State Warehousing Corperation","RSWC JALORE","6557730","RSWC RAJ STATE WAREHOUSE ,JALORE, near krishi upaj mandi ahore road jalore","Jalor","RAJASTHAN","10400","21-Feb-2022","20-Feb-2027","9413385780","Active",""
"Rajasthan State Warehousing Corperation","RSWC JAISALMER","6562144","GANDHI COLONY, JAISALMER","Jaisalmer","RAJASTHAN","8550","16-Mar-2022","15-Mar-2027","9413385779","Active",""
"Rajasthan State Warehousing Corperation","RSWC Phalodi","6558274","near krishi mandi, jodhpur road phalodi","Jodhpur","RAJASTHAN","14400","21-Feb-2022","20-Feb-2027","9413385789","Active",""
"Rajasthan State Warehousing Corperation","RSWC NADBAI","6559983","NEAR TAGORE SCHOOL, WAREHOUSE ROAD","Bharatpur","RAJASTHAN","4900","02-Mar-2022","01-Mar-2027","9413385746","Active",""
"Rajasthan State Warehousing Corperation","RSWC GAJSINGHPUR","6556740","PADAMPUR ROAD, GAJSINGHPUR","Ganganagar","RAJASTHAN","9200","18-Feb-2022","17-Feb-2027","9413385807","Inactive","EXPIRED INSURANCE"
"Rajasthan State Warehousing Corperation","RSWC BHAWANIMANDI","6557375","KIRSHI UPAJ MANDI BHAWANIMANDI, BHAWANIMANDI","Jhalawar","RAJASTHAN","14550","21-Feb-2022","20-Feb-2027","9413385783","Inactive","EXPIRED INSURANCE"
"Rajasthan State Warehousing Corperation","RSWC CHHABRA","6558001","GUGOR ROAD, NEAR KRISHI MANDI CHHABRA","Baran","RAJASTHAN","11550","21-Feb-2022","20-Feb-2027","9413385737","Inactive","EXPIRED INSURANCE"
"Rajasthan State Warehousing Corperation","RSWC SURATGARH","6558365","INDUSTERIAL AREA SURATGARH,","Ganganagar","RAJASTHAN","23550","21-Feb-2022","20-Feb-2027","9413385818","Inactive","EXPIRED INSURANCE"
"Rajasthan State Warehousing Corperation","RSWC,SANGARIA","6666630","NEAR POST OFFICE, NEW GRAIN MARKET,SANGARIA RAJASTHAN","Hanumangarh","RAJASTHAN","1800","26-Dec-2022","25-Dec-2027","9413385734","Inactive","EXPIRED INSURANCE"
"Rajasthan State Warehousing Corperation","RSWC Kolayat","6559082","Near Police Station, Bikaner Road Kolayat,","Bikaner","RAJASTHAN","4050","23-Feb-2022","22-Feb-2027","9414040636","Active",""
"Rajasthan State Warehousing Corperation","RSWC SOJAT ROAD","6558720","NEAR GRAM PANCHAYAT, SOJAT ROAD","Pali","RAJASTHAN","7200","23-Feb-2022","22-Feb-2027","9413385798","Active",""
"Rajasthan State Warehousing Corperation","RSWC Balotra","6664924","Balotra,","Barmer","RAJASTHAN","3600","22-Dec-2022","21-Dec-2027","9414040635","Active",""
"Rajasthan State Warehousing Corperation","RSWC Kuchaman city","6553952","Kishangarh mega highway, In front of navoday school, Kuchaman city","Nagaur","RAJASTHAN","25050","18-Feb-2022","17-Feb-2027","9414016043","Inactive","EXPIRED INSURANCE"
"Rajasthan State Warehousing Corperation","RSWC NOHAR","6556831","RAJASTHAN STATE WAREHOUSE, NEW DHAN MANDI, NEAR KRISHI UPAJ MANDI SAMITI","Hanumangarh","RAJASTHAN","8300","18-Feb-2022","17-Feb-2027","9413385771","Inactive","EXPIRED INSURANCE"
"Rajasthan State Warehousing Corperation","RSWC JHALRAPATAN","6567549","NH-52 NEAR SANJEEVANI HASPITAL JHALARAPATAN 326023,","Jhalawar","RAJASTHAN","18900","30-Mar-2022","29-Mar-2027","9413385784","Inactive","EXPIRED INSURANCE"
"Rajasthan State Warehousing Corperation","RSWC SULTANPUR","6561690","NEAR KRSHI UPAJ MANDI, FRONT OF HARYALI KISAN BAJAR SULTANPUR","Kota","RAJASTHAN","5400","14-Mar-2022","13-Mar-2027","9413385794","Inactive","EXPIRED INSURANCE"
"Rajasthan State Warehousing Corperation","RSWC ITAWA","6555577","near krishi upaj mandi,khatoli road itawa, near krishi upaj mandi,khatoli road itawa","Kota","RAJASTHAN","4500","18-Feb-2022","17-Feb-2027","9413385792","Inactive","EXPIRED INSURANCE"
"Rajasthan State Warehousing Corperation","RSWC RAWATSAR","6615330","Near Dhan Mandi,","Hanumangarh","RAJASTHAN","11250","13-Aug-2022","12-Aug-2027","9413385773","Inactive","EXPIRED INSURANCE"
"Rajasthan State Warehousing Corperation","RSWC RAWLA","6554406","ROJRI ROAD, RAWLA, SHREE GANGANAGR, ROJRI ROAD, RAWLA, SHREE GANGANAGR","Ganganagar","RAJASTHAN","17100","18-Feb-2022","17-Feb-2027","9413385813","Inactive","EXPIRED INSURANCE"
"Rajasthan State Warehousing Corperation","RSWC Alwar","6556203","Kush Marg, Old stattion Road","Alwar","RAJASTHAN","22650","18-Feb-2022","17-Feb-2027","9413385733","Inactive","EXPIRED INSURANCE"
"Rajasthan State Warehousing Corperation","RSWC BAYANA","6554943","RSWC BAYANA, NEAR SHIV GANJ MANDI,BAYANA","Bharatpur","RAJASTHAN","4700","18-Feb-2022","17-Feb-2027","9413385745","Inactive","EXPIRED INSURANCE"
"Rajasthan State Warehousing Corperation","RSWC GANGAPURCITY","6637029","STATE WAREHOUSE, NEAR FAWARA CHOWK, PURANI MANDI","Sawai Madhopur","RAJASTHAN","13710","28-Sep-2022","27-Sep-2027","9413385802","Inactive","EXPIRED INSURANCE"
"Rajasthan State Warehousing Corperation","RSWC BARMER","6556476","RICCO INDUSTRIAL AREA, OPPOSITE SOUTH WEST MINES","Barmer","RAJASTHAN","6840","18-Feb-2022","17-Feb-2027","9413385741","Inactive","EXPIRED INSURANCE"
"Rajasthan State Warehousing Corperation","RSWC Anoopgarh","6557466","Anupgarh, Near LIC Office","Ganganagar","RAJASTHAN","27750","21-Feb-2022","20-Feb-2027","9413385806","Inactive","EXPIRED INSURANCE"
"Rajasthan State Warehousing Corperation","RSWC Keshoraipatan","6555486","Sugarmill choraha, Keshoraipatan Road, Keshoraipatan","Bundi","RAJASTHAN","6000","18-Feb-2022","17-Feb-2027","9413385756","Inactive","EXPIRED INSURANCE"
"Rajasthan State Warehousing Corperation","RSWC SADULSAHAR","6555668","NEAR KRISHI UPAJ MANDI, SADULSAHAR","Ganganagar","RAJASTHAN","10550","18-Feb-2022","17-Feb-2027","9413385815","Inactive","EXPIRED INSURANCE"
"Rajasthan State Warehousing Corperation","RSWC MM ROAD","6556112","VILLAGE NANGAL SUMER SINGH, ALWAR ROAD MANDAWAR","Dausa","RAJASTHAN","10350","18-Feb-2022","17-Feb-2027","9413385768","Inactive","EXPIRED INSURANCE"
"Rajasthan State Warehousing Corperation","RSWC SISWALI","6561609","RSWC ANTA ROAD SISWALI,","Baran","RAJASTHAN","6750","14-Mar-2022","13-Mar-2027","9413345578","Inactive","EXPIRED INSURANCE"
"Rajasthan State Warehousing Corperation","RSWC Kapren","6563589","lakheri road, kota lalsot mega highway","Bundi","RAJASTHAN","6750","25-Mar-2022","24-Mar-2027","9413385754","Inactive","EXPIRED INSURANCE"
"Rajasthan State Warehousing Corperation","RSWC PILIBANGA","6561427","WARD NO 6, NEAR BALMIKI CHOWK","Hanumangarh","RAJASTHAN","22500","14-Mar-2022","13-Mar-2027","9413385772","Inactive","EXPIRED INSURANCE"
"Rajasthan State Warehousing Corperation","RSWC PADAMPUR","6553689","near krishi upaj mandi padmpur, near krishi upaj mandi padmpur","Ganganagar","RAJASTHAN","20250","18-Feb-2022","17-Feb-2027","9413385810","Inactive","EXPIRED INSURANCE"
"Rajasthan State Warehousing Corperation","RSWC KISHANGARH","6555213","in front of KUMS, jaipur road Kishangarh","Ajmer","RAJASTHAN","5400","18-Feb-2022","17-Feb-2027","9413385732","Inactive","EXPIRED INSURANCE"
"Rajasthan State Warehousing Corperation","RSWC KEKRI","6556385","RSWC KEKRI, BHAGERA ROAD KEKRI","Ajmer","RAJASTHAN","3500","18-Feb-2022","17-Feb-2027","9413385731","Inactive","EXPIRED INSURANCE"
"Rajasthan State Warehousing Corperation","RSWC FATEHNAGAR","6567630","UDAIPUR ROAD, NEAR BHARAT PETROL PUMP","Udaipur","RAJASTHAN","10550","30-Mar-2022","29-Mar-2027","9413385822","Inactive","EXPIRED INSURANCE"
"Rajasthan State Warehousing Corperation","RSWC Naraina","6675185","Near Railway station, Phulera Road","Jaipur","RAJASTHAN","1520","18-Jan-2023","17-Jan-2028","9413385777","Active",""
"Rajesh Boob","M/s Divya Warehousing Corporation","6712806","Khasra No.876/12 & 876/13, Bypass Road, Village Mathania, Tehsil Tinwari,","Jodhpur","RAJASTHAN","3285","28-Apr-2023","27-Apr-2028","9414560231","Active",""
"Rajia Goyal","M/S Shakti Granaries","6614432","Khasra No 283/8,,","Ganganagar","RAJASTHAN","7000","12-Aug-2022","11-Aug-2027","9414210457","Active",""
"RAJKUMARI GOYAL","M/s RAJKUMARI GOYAL","6783724","CHAK 12PBN, PILIBANGAN-335803","Hanumangarh","RAJASTHAN","9102","21-Sep-2023","20-Sep-2028","9414501033","Active",""
"RAJU DEVI","RAJ LAXMI WAREHOUSING","6548739","KHASRA NO. 362, BYPASS ROAD, VILLAGE MATHANIA, TEHSIL TINWARI, DIST JODHPUR JODHPUR-342001,","Jodhpur","RAJASTHAN","3333","05-Jan-2022","04-Jan-2027","9829256351","Inactive","EXPIRED/INSUFFICIENT INSURANCE"
"RAM SINGHAL","Shri Ram Industries","6654578","NH 21, Agra Jaipur Road,","Bharatpur","RAJASTHAN","6800","30-Nov-2022","29-Nov-2027","9782700596","Active",""
"Rama Kapuria","Balaji Agri Warehouse","6692370","Plot No. 9, Khasra No. 100/1 to 100/4, 100/4/1 , 100/5 & 100/9, Sarvodaya Industrial Park, Village Daijar,","Jodhpur","RAJASTHAN","1622","07-Mar-2023","06-Mar-2028","9785480000","Active",""
"Rameshwarlal Patidar","Shree Sanwaliya Ware House","6810907","Patidar Mohalla, barakheda, Barakheda","Pratapgarh","RAJASTHAN","1100","07-Dec-2023","06-Dec-2028","9571210874","Active",""
"RAMJI DASS AGRO INDUSTRIES","RAMJI DASS AGRO INDUSTRIES","6688329","Chak 4 PBN Pilibanga,","Hanumangarh","RAJASTHAN","7273","23-Feb-2023","22-Feb-2028","9414509364","Active",""
"Ranjeet Singh","M/s Baba Ramdev Warehouse","6695258","Khasra No. 643/3 & 643/5, Village Mathania, Tehsil Tinwari,","Jodhpur","RAJASTHAN","3130","15-Mar-2023","14-Mar-2028","9829967832","Active",""
"Rekha Sarawagi","Rekha Devi Sarawagi","6532535","Chak 1 GB (A) Sarupsar Road Jaitsar,","Ganganagar","RAJASTHAN","4800","13-Sep-2021","12-Sep-2026","9414381031","Active",""
"Renu Devi","Renu Devi","6533798","Village 9ssw, Gurusar, Hanumangarh Town,","Hanumangarh","RAJASTHAN","3360","20-Sep-2021","19-Sep-2026","9462432625","Active",""
"Rinku Rinku","Rinku warehouse","6957153","Near Kisan seva Kendra Petrol pump Near Goluwala Road,","Hanumangarh","RAJASTHAN","6600","10-Jul-2024","09-Jan-2029","9468879405","Active",""
"Ripan Beniwal","CRRB Agrotech","6547749","NH 62 Near Industrial Area (RIICO-Khara), Husangsar","Bikaner","RAJASTHAN","1800","28-Dec-2021","27-Dec-2026","8955900954","Active",""
"RITAMBHARA FOODS PRIVATE LIMITED","RITAMBHARA FOODS PRIVATE LIMITED","4411647","SP 272A, Matsya Industrial, Alwar,","Alwar","RAJASTHAN","5558","07-Apr-2021","06-Apr-2026","7976449505","Active",""
"Rubilla Arora","Rubilla Arora","6532352","PN 44/276 14 MOD Ayalaki Goluwala, Teh Pilibangan","Hanumangarh","RAJASTHAN","6470","10-Sep-2021","09-Sep-2026","8290007777","Active",""
"Rummy Rani","Garg Warehouse","6804330","Chak 2 SDS,","Ganganagar","RAJASTHAN","9000","18-Nov-2023","17-Feb-2028","9414513819","Active",""
"Sabina Rani","Sabina Rani Warehouse","6962286","Chak 01 SDS Stone No. 76/117, Muraba No. 40, Kila No. 21/1, 22/1, 23/2 Sadulsahar,","Ganganagar","RAJASTHAN","4480","28-Jul-2024","27-Jul-2029","9587510000","Active",""
"SANGEETA AGGARWAL","Shree Gopal Warehouse","6709117","Chak 2 D Chhoti, Murba no 46, Kila no. 6/1,6/2,7,8,9,10/1","Ganganagar","RAJASTHAN","5084","17-Apr-2023","16-Apr-2028","9414431977","Active",""
"sanjay agarwal","SANJAY AGARWAL","6735484","KH. NO. 626/4 & 625/6, GRAM AND PATWAR KHARA","Bikaner","RAJASTHAN","5000","13-Jun-2023","12-Dec-2024","7737815111","Active",""
"Sanjay Bardia","SANJAY TRADING COMPANY","6818827","F-96 INDUSTRIAL AREA LUNKARANSAR, BIKANER","Bikaner","RAJASTHAN","1000","19-Dec-2023","18-Dec-2028","9414139630","Inactive","EXPIRED INSURANCE"
"Sanjay Bardia","M/S Kuber Warehouse","6665376","At Khasra No 1706/226 Rohi Loonkaransar,","Bikaner","RAJASTHAN","4823","26-Dec-2022","25-Dec-2027","9413378584","Active",""
"Santara Jain","ARIHANT AGRO INDUSTRIES","6876601","KHASRA NO 5020, RIICO INDUSTRIAL AREA, JAIPUR ROAD, KEKRI","Ajmer","RAJASTHAN","1216","29-Feb-2024","28-Feb-2029","6375680993","Active",""
"Saraswati devi","Saraswati Devi","6533525","Village 9ssw Gurusar, Hanumangarh Town,","Hanumangarh","RAJASTHAN","3360","20-Sep-2021","19-Mar-2026","9602973025","Active",""
"SATISH BANSAL","BALAJI SOLLAR ENERGY","6679328","JAISALMER, JAISALMER","Jaisalmer","RAJASTHAN","5000","01-Feb-2023","31-Jan-2026","9680885000","Active",""
"SATISH BANSAL","BALAJI SOLLAR ENERGY","6931950","PINDWARA, SIROHI","Sirohi","RAJASTHAN","13360","20-May-2024","19-May-2029","9680885000","Active",""
"SATYAPAL AGARWAL","SATYA PAL AGARWAL","6720726","KH. NO. 626/2 & 625/3,, GRAM AND PATWAR KHARA","Bikaner","RAJASTHAN","5000","26-May-2023","25-Nov-2024","9414327111","Active",""
"Savita Garg","Bhavay Trading Company","6537757","Murba No. 46, Kila No. 11,12,13,14, Chak 10 PBN (A) Tehsil Pilibanga","Hanumangarh","RAJASTHAN","6631","26-Oct-2021","25-Apr-2026","9414089185","Active",""
"Savitri Devi","M/s Arya International","6669246","Khasra No. 4427/1, Jaisalmer Highway, Near Tanot Bypass Road, Village Ramgarh,","Jaisalmer","RAJASTHAN","5717","02-Jan-2023","01-Jan-2028","7231809131","Active",""
"Seema Mundel","M/s Veer Tejaji Warehouse","6540900","Khasra no 1364/2048 and 3094/1364, Village & Tehsil Khimsar,District Nagaur,Rajasthan 341025,","Nagaur","RAJASTHAN","3874","11-Nov-2021","10-May-2026","7014043254","Active",""
"SHANTI DEVI","BRAJ WAREHOUSE","6883896","KHASRA NO 1133/408, BEEKASAR","Bikaner","RAJASTHAN","3003","13-Mar-2024","12-Sep-2028","9166869750","Active",""
"SHARDA DAGA","SHARDA","6716583","KHASRA NO. 142, UMMED NAGAR","Jodhpur","RAJASTHAN","2100","15-May-2023","14-May-2028","9509208400","Active",""
"SHASHI MITTAL","Shri Balaji Warehouse","6535322","Chak 11 KRW Sadul Shahar,","Ganganagar","RAJASTHAN","4349","30-Sep-2021","29-Sep-2026","9001073300","Active",""
"SHOBHA JAIN","MSB LOGISTICS","6793442","KH. NO. 44/5/1 & 44/5/1/1,, GRAM TANAWARA, TEHSIL LUNI,","Jodhpur","RAJASTHAN","6156","19-Oct-2023","18-Apr-2025","9414126557","Active",""
"SHREE BALAJI WAREHOUSE","Shree Balaji Warehouse","6774996","5GGR,","Hanumangarh","RAJASTHAN","7280","23-Aug-2023","22-Feb-2028","9462898484","Active",""
"SHREE RAM NATURAL POLYMERS PRIVATE LIMITED","SHREE RAM NATURAL POLYMERS PRIVATE LIMITED","6701734","KHASRA NO 628/214,VILLAGE NARNADI,LUNI,JODHPUR,","Jodhpur","RAJASTHAN","4792","29-Mar-2023","28-Mar-2028","8890008800","Active",""
"SHREE RAM NATURAL POLYMERS PRIVATE LIMITED","SHREE RAM NATURAL POLYMERS PRIVATE LIMITED- 2","6888127","Plot No-G1- 218,219, & 219 A At industrial area, Agro Food park Boranada","Jodhpur","RAJASTHAN","1391","18-Mar-2024","17-Mar-2029","8890008800","Active",""
"Shree Shubham Logistics Limited","C/O NIKHIL AGRO SERVICES WAREHOUSE,","4391648","KHASRA NO.225/2, 17 KM STONE, SRI GANGANAGAR ROAD, NEAR MAHALAXMI PETROL PUMP,, VILLAGE-KHARA, TEHSIL AND DISTRICT-BIKANER, RAJASTHAN.","Bikaner","RAJASTHAN","4702","07-Apr-2021","06-Apr-2026","9587018029","Inactive","EFFECTIVE CONTROL EXPIRED"
"Shree Shubham Logistics Limited","SHREE SHUBHAM LOGISTICS LIMITED C/O MEENAKASHI YADAV WAREHOUSE,","9631644","JAIPUR BYPASS, BICHWAL,, BIKANER, RAJASTHAN.","Bikaner","RAJASTHAN","2307","07-Dec-2020","06-Dec-2025","7357544177","Inactive","EFFECTIVE CONTROL EXPIRED"
"Shree Shubham Logistics Limited","Shree Shubham Logistics Limited","1010545","Khasra No. 795/3, 781, 790/1, 795/1028/1, 782, 782 & 788, Kaithun Road,, Tehsil / Taluka - Ladpura","Kota","RAJASTHAN","19000","26-Jul-2022","13-Sep-2027","8875001607","Active",""
"Shree Shubham Logistics Limited","Shri Shubham Logistics Limited","1000322","Khasra No. 155 to 158, Near Ashok Leyland, MIA,","Alwar","RAJASTHAN","17281","01-Feb-2023","21-May-2028","9829390219","Active",""
"Shree Shubham Logistics Limited","Shree Shubham Logistics Limited Warehouse","1006808","Khasra No. 3/4,","Nagaur","RAJASTHAN","15714","23-Feb-2023","21-May-2028","9602917477","Active",""
"Shree Shubham Logistics Limited","SUNCITY POLYESTER PVT. LTD.","6941041","GODOWN NO.03, KHASRA NO.234,, SALAWAS,","Jodhpur","RAJASTHAN","1889","10-Jun-2024","09-Jun-2026","9928807866","Active",""
"Shree Shubham Logistics Limited","C/O SEEMA DEVI JAIN WAREHOUSE,","3051647","KHASRA NO.1143, NH-52, GRAM PAHADI,, TEHSIL-NEWAI, DISTRICT-TONK, RAJASTHAN.","Tonk","RAJASTHAN","1844","04-Mar-2021","03-Mar-2026","9829390219","Inactive","EFFECTIVE CONTROL EXPIRED"
"Shree Shubham Logistics Limited","SHREE SHUBHAM LOGISTICS LIMITED C/O RAHUL MATHUR WAREHOUSE,","4011646","KHASRA NO.474, 475, GRAM- KASAR, TEHSIL-MANDANA,, KOTA, RAJASTHAN-325003.","Kota","RAJASTHAN","5043","26-Mar-2021","25-Mar-2026","9660026719","Inactive","EFFECTIVE CONTROL EXPIRED"
"Shree Shubham Logistics Limited","BIKANER AGRO SERVICES WAREHOUSE","6654032","DS-1, Situated at 17 KM STONE, SRI GANGANAGAR ROAD,, NEAR MAHALAXMI PETROL PUMP, VILLAGE-KHARA, BIKANER, RAJASTHAN.","Bikaner","RAJASTHAN","3794","29-Nov-2022","28-Nov-2027","9587018077","Inactive","EFFECTIVE CONTROL EXPIRED"
"Shree Shubham Logistics Limited","SHREE SHUBHAM LOGISTICS LIMITED C/O SOURABH JAIN WAREHOUSE,","4411665","CHAMBER NO.02, KHASRA NO. 1143, NH-52, GRAM PAHADI,, TEHSIL-NEWAI, DISTRICT-TONK, RAJASTHAN.","Tonk","RAJASTHAN","3676","07-Apr-2021","06-Apr-2026","9829390219","Inactive","EFFECTIVE CONTROL EXPIRED"
"Shree Shubham Logistics Limited","C/O SINGHANIYA AGRO SERVICES WAREHOUSE,","3631647","17 KM , SRI GANGANAGAR ROAD,, NEAR MAHALAXMI PETROL PUMP, KHARA, BIKANER, RAJASTHAN.","Bikaner","RAJASTHAN","3567","18-Mar-2021","17-Mar-2026","9587018029","Inactive","EFFECTIVE CONTROL EXPIRED"
"Shree Shubham Logistics Limited","Shree Shubham Logistics Limited","1010537","Khasra No. 43, 44, 46, Bardaran Tehsil/Taluka - Bikaner,","Bikaner","RAJASTHAN","17282","25-Jul-2022","10-Sep-2027","9460814396","Active",""
"Shri Agrasen Agrotech Private Limited","M/S Shree Agarsen Agrotech Pvt Ltd","6742688","C-02 Krishi upaj Mandi samiti (Anaj) Opp Daurai Railway station,","Ajmer","RAJASTHAN","3012","23-Jun-2023","22-Dec-2027","9166454676","Active",""
"Shri Kuber Prime Warehouse LLP","M/S Kuber Prime Warehouse LLP","6667802","Khasra no-1474/226 National Highway 62 Lunkaransar,","Bikaner","RAJASTHAN","7268","27-Dec-2022","26-Dec-2027","9413378584","Active",""
"SHRI SHRIYADEN WAREHOUSES","SHRI SHRIYADEN WAREHOUSES","6937718","KHASRA NO. 636,, KUMHARON KI DHANI","Jodhpur","RAJASTHAN","12080","03-Jun-2024","02-Jun-2028","9828548616","Active",""
"SHRI SHRIYADEN WAREHOUSES","SHRI SHRIYADEN WAREHOUSES","6626402","KHASRA NO. 636,, KUMHARON KI DHANI","Jodhpur","RAJASTHAN","13445","31-Aug-2022","28-Feb-2027","9828548616","Active",""
"Shyopat Ram","Shyopat Ram Warehouse","6793806","2HH II Netewala,","Ganganagar","RAJASTHAN","9000","19-Oct-2023","18-Apr-2028","9983838382","Active",""
"SIDDHI VINAYAK WAREHOUSES unit I and II","SIDDHI VINAYAK WAREHOUSES unit I & II","6559710","Dangarthal Road Newai,","Tonk","RAJASTHAN","15000","24-Feb-2022","23-Feb-2027","9829829292","Active",""
"Singodwala Warehousing and Logistics Pvt Ltd","R K Warehouse","6748628","Khasra No. 2051/28, Shri Krishnanagar","Jodhpur","RAJASTHAN","1500","30-Jun-2023","29-Dec-2025","9352983232","Active",""
"Singodwala Warehousing and Logistics Pvt Ltd","Chiraag Warehouse","6782379","KHASHRA NO. 1497/4,5,1504/4/5, Madini Mandha","Sikar","RAJASTHAN","500","19-Sep-2023","18-Sep-2028","8005731068","Active",""
"Singodwala Warehousing and Logistics Pvt Ltd","Anita Gupta Warehouse","6778773","Khasara No 1821/1815, 1863/1845, Village Bigga, Tehsil Doongargarh","Bikaner","RAJASTHAN","4708","12-Sep-2023","11-Sep-2028","9314142089","Active",""
"Singodwala Warehousing and Logistics Pvt Ltd","Sharda Devi Warehouse","6932768","Khasra No 5129/3746,5130/3746, Village Morija ,Tehsil Chomu","Jaipur","RAJASTHAN","3300","21-May-2024","20-Feb-2029","9352983232","Active",""
"Singodwala Warehousing and Logistics Pvt Ltd","Agarwal Industries Warehouse","6873277","Plot No 19, Village Syau, Govindgarh","Jaipur","RAJASTHAN","3200","29-Feb-2024","28-Feb-2029","9352983232","Active",""
"Sita Manda","SHRI DARIYAV WAREHOUSE","6806673","Khasra no 6381/6068 on the way of merta to Nagaur,","Nagaur","RAJASTHAN","8761","24-Nov-2023","23-Nov-2028","9672992121","Active",""
"Smriti Jain","Paras Storage Services","6577530","Chak 15 BGD Sri Vijay Nagar,","Ganganagar","RAJASTHAN","5700","23-May-2022","22-May-2027","9667328200","Active",""
"SONI DEVI","M/s Maa Karni Warehouse","6698138","Khasra No. 2645/2378, Village Karnipura, Tehsil Osian,","Jodhpur","RAJASTHAN","2246","22-Mar-2023","21-Mar-2028","9950589238","Active",""
"Soni Devi","Mahadev Warehouse","6829626","Khasra No. 20/9,, Village Bingmi","Jodhpur","RAJASTHAN","1470","28-Dec-2023","27-Dec-2028","9602413378","Active",""
"Sourabh Trading Company","Sourabh Trading Company","6944284","Killa No-6/0.139,7/0.253,Stone No-41/277, Murabba No-27,Chak-5DBN","Ganganagar","RAJASTHAN","3790","14-Jun-2024","13-Jun-2029","9929099819","Active",""
"SRI SRI FOODS AND AGRO PRIVATE LIMITED","SRI SRI FOODS AND AGRO PRIVATE LIMITED","6546840","ARAJI NO. 250-251-252-253, VILLAGE OJYADA NR SAGATPURA HAMIRGARH","Bhilwara","RAJASTHAN","25000","21-Dec-2021","20-Dec-2026","9602311413","Active",""
"Srikanta Chandak","Laxmi Hari Warehouse","6698674","Khasra No. 5444/538 & 5445/538, Nagaur Highway, Village & Tehsil Khimsar,","Nagaur","RAJASTHAN","3364","23-Mar-2023","22-Mar-2028","9829028801","Active",""
"StarAgriWarehousing CollateralManagementLimited","MOHAN LAL MEHTA WAREHOUSE","6751861","Mohan lal S/o Mangilal , Plot No. - 7, Khasra No. - 244,, Luni, Jodhpur","Jodhpur","RAJASTHAN","1532","07-Jul-2023","06-Jul-2028","9314058569","Active",""
"StarAgriWarehousing CollateralManagementLimited","NEMICHAND CHANDRA PRAKASH AGRO TECH PVT. LTD.","6745293","Godown No. - 1, Khasra No. - 41, N.H. 76 Village - Haripura, Kota Road, Baran,","Baran","RAJASTHAN","4415","27-Jun-2023","26-Jun-2028","9314058569","Active",""
"StarAgriWarehousing CollateralManagementLimited","Star Agri Warehousing & Collateral Management Limited (C/o Bagrees Cereals Private Limited)","1010610","Godown No. 3, Khasra No. 502/ 503/ 514/ 515/ 517, Bikasar","Bikaner","RAJASTHAN","2450","23-Jun-2022","05-Sep-2027","9314058569","Active",""
"StarAgriWarehousing CollateralManagementLimited","Visionstar Agrofood Private Limited","6648810","Godown No -06, E-39, E-40, E-41, E-42,, Bichwal Industrial Area, Bikaner","Bikaner","RAJASTHAN","2885","02-Nov-2022","01-Nov-2027","9314058569","Inactive","EFFECTIVE CONTROL EXPIRED"
"StarAgriWarehousing CollateralManagementLimited","Star Agri Warehousing & Collateral Management Limited","1003490","Godown No. 1 & 2, Khasra No. 359/360, Village - Dahra, Tehsil - Ladpura","Kota","RAJASTHAN","15284","12-Jan-2023","17-Mar-2028","9314058569","Active",""
"StarAgriWarehousing CollateralManagementLimited","Gopal Rathi","9591672","Khasra No. - 51/25, Village - salawas, Teh - luni, Jodhpur","Jodhpur","RAJASTHAN","2112","04-Dec-2020","03-Dec-2025","9314058569","Active",""
"StarAgriWarehousing CollateralManagementLimited","Star Agri Warehousing & Collateral Management Ltd. C/O Sheetal Solanki Warehouse","1008119","Khasra no. 25/6, Village-Salawas, District-Jodhpur","Jodhpur","RAJASTHAN","4500","28-Jul-2024","02-Oct-2029","9314058569","Active",""
"StarAgriWarehousing CollateralManagementLimited","Star Agri Warehousing & Collateral Management Limited C/o Goyal Agri Warehousing Corporation","1012228","Khasra No. 25/48, 25/49, 25/50, 25/52, Tehsil - Luni","Jodhpur","RAJASTHAN","7320","23-Nov-2022","27-Nov-2027","9309319789","Active",""
"StarAgriWarehousing CollateralManagementLimited","JITESH BHANSALI WAREHOUSE","6841233","JITESH BHANSALI S/O GHEWAR CHAND BHANSALI , PLOT NO. - 4, KHASRA NO. - 244, LUNI, JODHPUR","Jodhpur","RAJASTHAN","1530","19-Jan-2024","18-Oct-2028","9314058569","Active",""
"StarAgriWarehousing CollateralManagementLimited","COUPLER ENTERPRISES PVT. LTD.","6773642","Godown No. - 3 & 4, Khasra no. - 269, Kasar,, village - Alaniya, tehsil - Ladpura, kota","Kota","RAJASTHAN","4270","21-Aug-2023","20-Aug-2028","9314058569","Active",""
"StarAgriWarehousing CollateralManagementLimited","SANJAY AGARWAL","6786966","Godown No. - 1, Khasra No. - 625/6 & 626/4, 17th K.M. Sriganganagar Road Khara","Bikaner","RAJASTHAN","4832","29-Sep-2023","28-Sep-2028","9314058569","Active",""
"SUDHIR CHOUDHARY","SAHARAN WAREHOUSE","6800106","CHAK 9 DWM PATWAR 29 DWD, NEAR NATIONAL HIGHWAY 7","Hanumangarh","RAJASTHAN","5106","06-Nov-2023","05-Aug-2028","9462582014","Active",""
"Sulochana Devi","Gupta Brothers","6762934","MURBA NO. 203, KILA NO. 23/2, 24/2 & MURBA NO. 204, KILA NO. 3,4,7,8, 31/1, TEHSIL - PADAMPUR,","Ganganagar","RAJASTHAN","7000","26-Jul-2023","25-Jul-2028","9828671208","Active",""
"Suman Devi","Suman Devi","6533434","Village 9ssw Gurusar Hanmangarh Town,","Hanumangarh","RAJASTHAN","3478","20-Sep-2021","19-Sep-2026","9460091460","Active",""
"SUMITRA DEVI","R B BROTHERS","6912786","CHAK 481-500 RD GRAM PANCHAYAT KANASAR, MURBA NO. 152/-, KILA NO. 17 & 24","Bikaner","RAJASTHAN","4013","11-Apr-2024","10-Apr-2029","9414648768","Active",""
"Sunil Goyal","Sh.Sunil Kumar","6807390","Stone No: 152/7, Killa No:17,18,19,20/2 Chak 9D.W. M.Patwar Halka 29 D.W.D,","Hanumangarh","RAJASTHAN","6529","29-Nov-2023","28-Nov-2028","9414281925","Active",""
"SUNIL SARAWGI","M/S SUNIL KUMAR SARAWAGI","6535504","5 GB(A) JAITSAR, SRIVIJAYNAGAR","Ganganagar","RAJASTHAN","4742","01-Oct-2021","30-Mar-2026","9414092045","Active",""
"Sunil Sarawgi","Sunil Kumar Sarawagi","6532717","Chak 17 PBN Amarpura Rathan, Pilibangan","Ganganagar","RAJASTHAN","14000","13-Sep-2021","12-Sep-2026","9549574444","Active",""
"SUNITA RATHI","SUNITA AGRO INDUSTRIES","6814503","KHASARA NO. 44/3 MARK A, 17KM MILESTONE, PUGAL ROAD, BIKANER","Bikaner","RAJASTHAN","5575","13-Dec-2023","12-Dec-2028","6375736417","Active",""
"SURAJ AGRO COOPERATIVE SOCIETY LTD","SURAJ AGRO COOPERATIVE SOCIETY LTD","8191640","CHAK 12 SBN, VILLAGE NAGRANA","Hanumangarh","RAJASTHAN","16200","15-Jun-2020","14-Jun-2025","9414093228","Inactive","EXPIRED INSURANCE"
"SURANA AGRICARE LLP","SURANA AGRICARE LLP","6965347","CHAK GARBI, LALGARH KANASAR ROAD, KHASRA NO. 1373/159, 1377/159, NEAR 8 KM STONE","Bikaner","RAJASTHAN","16750","02-Aug-2024","01-Aug-2029","9929068024","Active",""
"SUSHILA ARORA","SUSHILA ARORA","6963094","KHASRA NO 53/02 BHOJEWALA ROAD, SURATGARH","Ganganagar","RAJASTHAN","7000","29-Jul-2024","28-Jan-2029","9929519619","Active",""
"SUSHILA DEVI","M/S Sushila Enterprises","6577449","Chak-1 PPN, 153/49/Rajpura Piperan,Bikaner Road,","Ganganagar","RAJASTHAN","7000","23-May-2022","22-May-2027","7710213702","Active",""
"Sushma Devi","Sushma Devi","6533160","Chak 5 PBN Pilibanga Hanumangarh Road, Near Radhaswami Dear Pilibanga","Hanumangarh","RAJASTHAN","9652","17-Sep-2021","16-Mar-2026","9413377369","Active",""
"Sweta Soni","Karnveer Warehouse","6714604","Khasra No. 246/23, Village Rampura Bhatiyan, Tehsil Tinwari, Jodhpur","Jodhpur","RAJASTHAN","3202","03-May-2023","02-May-2028","9829009213","Active",""
"THAR WAREHOUSES PRIVATE LIMITED","Thar Warehouses Pvt Ltd","6905228","Chak 486-250 R.D Murabba No:- 133/46 Kila No:- 12,13,18,19, Husangsar","Bikaner","RAJASTHAN","9641","05-Apr-2024","04-Apr-2029","9413757677","Active",""
"THAR WAREHOUSES PRIVATE LIMITED","Tirupati Industries","6993158","Industrial Area, Beechwal","Bikaner","RAJASTHAN","880","12-Nov-2024","11-Nov-2029","9414138270","Active",""
"UNIQUE STORAGE CORPORATION","Unique Storage Corporation","6667893","Chak 35BB Gajsinghpur,","Ganganagar","RAJASTHAN","7023","27-Dec-2022","26-Dec-2027","9414500671","Active",""
"URMILA DEVI","M/s Shree Hari Ram Warehouse","6778419","Killa No. 11 to 15, Sq. No. 18, Near NH-62, Surathgarh Road, Chack 17- G.G.,","Ganganagar","RAJASTHAN","5277","31-Aug-2023","30-Aug-2028","9828800019","Active",""
"Usha Rani","M/S Kaushalya Warehousing","6797765","Murabba No-48,Kila No-04,05,Chak 15 BGD,","Ganganagar","RAJASTHAN","5655","30-Oct-2023","29-Apr-2028","9461373645","Active",""
"VIDHI PIPARA","M/S CHANDANHAR LOGISTICS","6991806","BLOCK NO 9 & 10, ON KHASRA NO, 51/4 & 51/5 ,VILLAGE TANWARA ,TESIL LUNI,","Jodhpur","RAJASTHAN","3336","04-Nov-2024","03-Nov-2029","9610010111","Active",""
"VIMAL BIHANI","Sh Vimal Kumar Bihani Warehouse","6769772","Killa No-11,12,13/1,13/2,14 & 15 Sq No-34 chak 11 LNP,","Ganganagar","RAJASTHAN","7000","07-Aug-2023","06-Aug-2028","9672252525","Active",""
"VIMLA DEVI CHANDAK","CHANDAK AGRO INDUSTRIES","6943476","VILLAGE SHOBHASAR KHASRA NO. 44/3, PUGAL ROAD","Bikaner","RAJASTHAN","6095","14-Jun-2024","13-Jun-2029","9982201388","Active",""
"VINOD JAIN","Vinod Bala Jain","6917553","Murabba No.7 Kila no.11 chak 9 SBN, Tibbi road ratanpura,","Hanumangarh","RAJASTHAN","5790","22-Apr-2024","21-Oct-2028","9983506000","Active",""
"VIRENDRA BHATI","M/s Roopam Logistics","6680854","Khasra No. 273/2, Village Chain Singh Nagar, Tehsil Tinwari,","Jodhpur","RAJASTHAN","1752","09-Feb-2023","08-Feb-2028","9414244441","Active",""
"VISHNU GUPTA","J.S.S. WAREHOUSE","6708754","CHAK 9 DWM, PATWAR GHAR 29 DWD","Hanumangarh","RAJASTHAN","3409","13-Apr-2023","12-Apr-2028","9414282014","Inactive","EXPIRED INSURANCE"
"YASHWANT BHATI","KOMAL WARE HOUSE","6786339","KH.NO 259 NIMBLA, BHADRAJUN,, TEH- AHORE DIST- JALORE -307029","Jalor","RAJASTHAN","920","26-Sep-2023","25-Sep-2028","6350151016","Active",""